Entity,Code,Year,Inequality in life expectancy
Afghanistan,AFG,2010,0.34075466
Afghanistan,AFG,2011,0.33223668
Afghanistan,AFG,2012,0.32297963
Afghanistan,AFG,2013,0.31618148
Afghanistan,AFG,2014,0.31174487
Afghanistan,AFG,2015,0.30915615
Afghanistan,AFG,2016,0.3016281
Afghanistan,AFG,2017,0.29020366
Afghanistan,AFG,2018,0.28409934
Afghanistan,AFG,2019,0.2807547
Afghanistan,AFG,2020,0.27408454
Afghanistan,AFG,2021,0.27162868
Afghanistan,AFG,2022,0.25852132
Afghanistan,AFG,2023,0.25199893
Africa,,2010,0.32282653
Africa,,2011,0.31733295
Africa,,2012,0.30888575
Africa,,2013,0.30278394
Africa,,2014,0.29878798
Africa,,2015,0.29361784
Africa,,2016,0.2882826
Africa,,2017,0.2836248
Africa,,2018,0.2769801
Africa,,2019,0.27245113
Africa,,2020,0.26498285
Africa,,2021,0.26247293
Africa,,2022,0.26022038
Africa,,2023,0.254336
Albania,ALB,2010,0.08521556
Albania,ALB,2011,0.08086902
Albania,ALB,2012,0.07730708
Albania,ALB,2013,0.07415975
Albania,ALB,2014,0.07142773
Albania,ALB,2015,0.069033995
Albania,ALB,2016,0.06715472
Albania,ALB,2017,0.06560671
Albania,ALB,2018,0.06466516
Albania,ALB,2019,0.064518765
Albania,ALB,2020,0.06309881
Albania,ALB,2021,0.06416843
Albania,ALB,2022,0.06642221
Albania,ALB,2023,0.063744456
Algeria,DZA,2010,0.1520326
Algeria,DZA,2011,0.15062305
Algeria,DZA,2012,0.14798997
Algeria,DZA,2013,0.14562203
Algeria,DZA,2014,0.14173646
Algeria,DZA,2015,0.13964187
Algeria,DZA,2016,0.13739885
Algeria,DZA,2017,0.13516527
Algeria,DZA,2018,0.13269892
Algeria,DZA,2019,0.1300783
Algeria,DZA,2020,0.12704736
Algeria,DZA,2021,0.12455177
Algeria,DZA,2022,0.12166199
Algeria,DZA,2023,0.11886322
Andorra,AND,2010,0.045336746
Andorra,AND,2011,0.045208473
Andorra,AND,2012,0.045060903
Andorra,AND,2013,0.044903606
Andorra,AND,2014,0.044681896
Andorra,AND,2015,0.04458605
Andorra,AND,2016,0.044882048
Andorra,AND,2017,0.045443483
Andorra,AND,2018,0.04594704
Andorra,AND,2019,0.046566814
Andorra,AND,2020,0.06102911
Andorra,AND,2021,0.047213934
Andorra,AND,2022,0.046830166
Andorra,AND,2023,0.046712283
Angola,AGO,2010,0.39837578
Angola,AGO,2011,0.3819261
Angola,AGO,2012,0.3671509
Angola,AGO,2013,0.35524887
Angola,AGO,2014,0.34334064
Angola,AGO,2015,0.33299026
Angola,AGO,2016,0.3235156
Angola,AGO,2017,0.31484714
Angola,AGO,2018,0.3073736
Angola,AGO,2019,0.29882592
Angola,AGO,2020,0.29181358
Angola,AGO,2021,0.28602067
Angola,AGO,2022,0.2791075
Angola,AGO,2023,0.27386543
Antigua and Barbuda,ATG,2010,0.080293894
Antigua and Barbuda,ATG,2011,0.07934836
Antigua and Barbuda,ATG,2012,0.07845902
Antigua and Barbuda,ATG,2013,0.077780716
Antigua and Barbuda,ATG,2014,0.07672485
Antigua and Barbuda,ATG,2015,0.07582789
Antigua and Barbuda,ATG,2016,0.074801385
Antigua and Barbuda,ATG,2017,0.07452352
Antigua and Barbuda,ATG,2018,0.07304814
Antigua and Barbuda,ATG,2019,0.07219458
Antigua and Barbuda,ATG,2020,0.07199058
Antigua and Barbuda,ATG,2021,0.0699455
Antigua and Barbuda,ATG,2022,0.069110475
Antigua and Barbuda,ATG,2023,0.06833376
Arab States (UNDP),,2010,0.17669049
Arab States (UNDP),,2011,0.18098581
Arab States (UNDP),,2012,0.17319272
Arab States (UNDP),,2013,0.16767739
Arab States (UNDP),,2014,0.16351394
Arab States (UNDP),,2015,0.16095345
Arab States (UNDP),,2016,0.1570211
Arab States (UNDP),,2017,0.15573357
Arab States (UNDP),,2018,0.15180664
Arab States (UNDP),,2019,0.14625488
Arab States (UNDP),,2020,0.14173253
Arab States (UNDP),,2021,0.13882126
Arab States (UNDP),,2022,0.13873173
Arab States (UNDP),,2023,0.13671793
Argentina,ARG,2010,0.09870935
Argentina,ARG,2011,0.09668487
Argentina,ARG,2012,0.09486015
Argentina,ARG,2013,0.09202982
Argentina,ARG,2014,0.08984893
Argentina,ARG,2015,0.08718065
Argentina,ARG,2016,0.08544916
Argentina,ARG,2017,0.08365044
Argentina,ARG,2018,0.08197938
Argentina,ARG,2019,0.07991961
Argentina,ARG,2020,0.07765375
Argentina,ARG,2021,0.07835838
Argentina,ARG,2022,0.075391866
Argentina,ARG,2023,0.07394694
Armenia,ARM,2010,0.11136679
Armenia,ARM,2011,0.10719248
Armenia,ARM,2012,0.10327324
Armenia,ARM,2013,0.09931797
Armenia,ARM,2014,0.09557026
Armenia,ARM,2015,0.092113934
Armenia,ARM,2016,0.08851126
Armenia,ARM,2017,0.08427273
Armenia,ARM,2018,0.08110564
Armenia,ARM,2019,0.078038074
Armenia,ARM,2020,0.104071826
Armenia,ARM,2021,0.07270121
Armenia,ARM,2022,0.07010922
Armenia,ARM,2023,0.06720423
Asia,,2010,0.1739009
Asia,,2011,0.16797717
Asia,,2012,0.16211301
Asia,,2013,0.15687422
Asia,,2014,0.15146226
Asia,,2015,0.14629069
Asia,,2016,0.14136685
Asia,,2017,0.13686699
Asia,,2018,0.1318825
Asia,,2019,0.12794021
Asia,,2020,0.12311001
Asia,,2021,0.11989425
Asia,,2022,0.11691013
Asia,,2023,0.11495933
Australia,AUS,2010,0.040737607
Australia,AUS,2011,0.038959555
Australia,AUS,2012,0.036236946
Australia,AUS,2013,0.037784938
Australia,AUS,2014,0.036183856
Australia,AUS,2015,0.035071984
Australia,AUS,2016,0.0344525
Australia,AUS,2017,0.036025997
Australia,AUS,2018,0.03452763
Australia,AUS,2019,0.03536792
Australia,AUS,2020,0.03422188
Australia,AUS,2021,0.035638247
Australia,AUS,2022,0.032091986
Australia,AUS,2023,0.029591892
Austria,AUT,2010,0.040850047
Austria,AUT,2011,0.038167167
Austria,AUT,2012,0.035582915
Austria,AUT,2013,0.03484688
Austria,AUT,2014,0.034725662
Austria,AUT,2015,0.03423607
Austria,AUT,2016,0.03445884
Austria,AUT,2017,0.032748107
Austria,AUT,2018,0.031383228
Austria,AUT,2019,0.0335392
Austria,AUT,2020,0.03409821
Austria,AUT,2021,0.03303867
Austria,AUT,2022,0.033771347
Austria,AUT,2023,0.031972326
Azerbaijan,AZE,2010,0.18851246
Azerbaijan,AZE,2011,0.17920615
Azerbaijan,AZE,2012,0.17058225
Azerbaijan,AZE,2013,0.16243115
Azerbaijan,AZE,2014,0.1557068
Azerbaijan,AZE,2015,0.14851974
Azerbaijan,AZE,2016,0.14003038
Azerbaijan,AZE,2017,0.13318361
Azerbaijan,AZE,2018,0.12730588
Azerbaijan,AZE,2019,0.122537605
Azerbaijan,AZE,2020,0.12280984
Azerbaijan,AZE,2021,0.11204365
Azerbaijan,AZE,2022,0.11009106
Azerbaijan,AZE,2023,0.10384444
Bahamas,BHS,2010,0.10940013
Bahamas,BHS,2011,0.10801054
Bahamas,BHS,2012,0.10685603
Bahamas,BHS,2013,0.1055136
Bahamas,BHS,2014,0.10423534
Bahamas,BHS,2015,0.10742461
Bahamas,BHS,2016,0.100604884
Bahamas,BHS,2017,0.09951721
Bahamas,BHS,2018,0.098636754
Bahamas,BHS,2019,0.14526027
Bahamas,BHS,2020,0.09561137
Bahamas,BHS,2021,0.09613118
Bahamas,BHS,2022,0.095426485
Bahamas,BHS,2023,0.09461271
Bahrain,BHR,2010,0.06163157
Bahrain,BHR,2011,0.060356904
Bahrain,BHR,2012,0.058706637
Bahrain,BHR,2013,0.057609867
Bahrain,BHR,2014,0.05649562
Bahrain,BHR,2015,0.055438727
Bahrain,BHR,2016,0.054438986
Bahrain,BHR,2017,0.05340806
Bahrain,BHR,2018,0.052361526
Bahrain,BHR,2019,0.05130628
Bahrain,BHR,2020,0.059913583
Bahrain,BHR,2021,0.04977686
Bahrain,BHR,2022,0.048340444
Bahrain,BHR,2023,0.04740007
Bangladesh,BGD,2010,0.23264939
Bangladesh,BGD,2011,0.2241044
Bangladesh,BGD,2012,0.2179504
Bangladesh,BGD,2013,0.2120616
Bangladesh,BGD,2014,0.20439868
Bangladesh,BGD,2015,0.19896021
Bangladesh,BGD,2016,0.1918475
Bangladesh,BGD,2017,0.186924
Bangladesh,BGD,2018,0.18036152
Bangladesh,BGD,2019,0.17440048
Bangladesh,BGD,2020,0.1661594
Bangladesh,BGD,2021,0.16437258
Bangladesh,BGD,2022,0.16036835
Bangladesh,BGD,2023,0.15751724
Barbados,BRB,2010,0.095138334
Barbados,BRB,2011,0.09391809
Barbados,BRB,2012,0.09262422
Barbados,BRB,2013,0.091378935
Barbados,BRB,2014,0.08997727
Barbados,BRB,2015,0.087481536
Barbados,BRB,2016,0.085843794
Barbados,BRB,2017,0.0843518
Barbados,BRB,2018,0.08232394
Barbados,BRB,2019,0.08043518
Barbados,BRB,2020,0.07864301
Barbados,BRB,2021,0.07652825
Barbados,BRB,2022,0.07410069
Barbados,BRB,2023,0.07235783
Belarus,BLR,2010,0.05915511
Belarus,BLR,2011,0.056175653
Belarus,BLR,2012,0.05345987
Belarus,BLR,2013,0.050411124
Belarus,BLR,2014,0.047728907
Belarus,BLR,2015,0.045303773
Belarus,BLR,2016,0.04304651
Belarus,BLR,2017,0.04138156
Belarus,BLR,2018,0.04008469
Belarus,BLR,2019,0.039120276
Belarus,BLR,2020,0.03832758
Belarus,BLR,2021,0.037302203
Belarus,BLR,2022,0.03633976
Belarus,BLR,2023,0.035427105
Belgium,BEL,2010,0.03979753
Belgium,BEL,2011,0.03854883
Belgium,BEL,2012,0.03991472
Belgium,BEL,2013,0.037949674
Belgium,BEL,2014,0.03708117
Belgium,BEL,2015,0.036002696
Belgium,BEL,2016,0.035313647
Belgium,BEL,2017,0.037336014
Belgium,BEL,2018,0.037721545
Belgium,BEL,2019,0.036718227
Belgium,BEL,2020,0.033802956
Belgium,BEL,2021,0.034199987
Belgium,BEL,2022,0.037375677
Belgium,BEL,2023,0.03498915
Belize,BLZ,2010,0.11444207
Belize,BLZ,2011,0.11224516
Belize,BLZ,2012,0.10979544
Belize,BLZ,2013,0.10693502
Belize,BLZ,2014,0.10377079
Belize,BLZ,2015,0.10046026
Belize,BLZ,2016,0.09696835
Belize,BLZ,2017,0.0926383
Belize,BLZ,2018,0.089128844
Belize,BLZ,2019,0.0857244
Belize,BLZ,2020,0.08545719
Belize,BLZ,2021,0.08277256
Belize,BLZ,2022,0.07802928
Belize,BLZ,2023,0.073176116
Benin,BEN,2010,0.38279465
Benin,BEN,2011,0.37773198
Benin,BEN,2012,0.3745776
Benin,BEN,2013,0.36919922
Benin,BEN,2014,0.3641905
Benin,BEN,2015,0.36101723
Benin,BEN,2016,0.3557775
Benin,BEN,2017,0.3503405
Benin,BEN,2018,0.34669465
Benin,BEN,2019,0.3409993
Benin,BEN,2020,0.3356679
Benin,BEN,2021,0.3303944
Benin,BEN,2022,0.32564765
Benin,BEN,2023,0.3212986
Bhutan,BTN,2010,0.1999627
Bhutan,BTN,2011,0.19162254
Bhutan,BTN,2012,0.18225831
Bhutan,BTN,2013,0.17626454
Bhutan,BTN,2014,0.16959251
Bhutan,BTN,2015,0.16392927
Bhutan,BTN,2016,0.16013439
Bhutan,BTN,2017,0.15511996
Bhutan,BTN,2018,0.1500885
Bhutan,BTN,2019,0.14526147
Bhutan,BTN,2020,0.14268796
Bhutan,BTN,2021,0.1398017
Bhutan,BTN,2022,0.13489291
Bhutan,BTN,2023,0.13138224
Bolivia,BOL,2010,0.27059233
Bolivia,BOL,2011,0.26258656
Bolivia,BOL,2012,0.25664592
Bolivia,BOL,2013,0.2504071
Bolivia,BOL,2014,0.24457985
Bolivia,BOL,2015,0.24105129
Bolivia,BOL,2016,0.23624054
Bolivia,BOL,2017,0.2320169
Bolivia,BOL,2018,0.22793533
Bolivia,BOL,2019,0.22605793
Bolivia,BOL,2020,0.21765259
Bolivia,BOL,2021,0.21162966
Bolivia,BOL,2022,0.21219176
Bolivia,BOL,2023,0.20994826
Bosnia and Herzegovina,BIH,2010,0.051764578
Bosnia and Herzegovina,BIH,2011,0.05129754
Bosnia and Herzegovina,BIH,2012,0.050645575
Bosnia and Herzegovina,BIH,2013,0.050201416
Bosnia and Herzegovina,BIH,2014,0.0504615
Bosnia and Herzegovina,BIH,2015,0.049875464
Bosnia and Herzegovina,BIH,2016,0.04996012
Bosnia and Herzegovina,BIH,2017,0.04974432
Bosnia and Herzegovina,BIH,2018,0.049121894
Bosnia and Herzegovina,BIH,2019,0.04832556
Bosnia and Herzegovina,BIH,2020,0.04904289
Bosnia and Herzegovina,BIH,2021,0.041912638
Bosnia and Herzegovina,BIH,2022,0.04940784
Bosnia and Herzegovina,BIH,2023,0.046768524
Botswana,BWA,2010,0.2641455
Botswana,BWA,2011,0.25772944
Botswana,BWA,2012,0.25223273
Botswana,BWA,2013,0.2460203
Botswana,BWA,2014,0.24052411
Botswana,BWA,2015,0.23320356
Botswana,BWA,2016,0.2259021
Botswana,BWA,2017,0.22077781
Botswana,BWA,2018,0.21491475
Botswana,BWA,2019,0.21072721
Botswana,BWA,2020,0.20306522
Botswana,BWA,2021,0.197873
Botswana,BWA,2022,0.19523205
Botswana,BWA,2023,0.19217649
Brazil,BRA,2010,0.12176555
Brazil,BRA,2011,0.11865841
Brazil,BRA,2012,0.115379535
Brazil,BRA,2013,0.11280229
Brazil,BRA,2014,0.11061413
Brazil,BRA,2015,0.10825768
Brazil,BRA,2016,0.10687051
Brazil,BRA,2017,0.10541378
Brazil,BRA,2018,0.10284741
Brazil,BRA,2019,0.10057371
Brazil,BRA,2020,0.09841646
Brazil,BRA,2021,0.09981838
Brazil,BRA,2022,0.09727925
Brazil,BRA,2023,0.095241554
Brunei,BRN,2010,0.07023179
Brunei,BRN,2011,0.07036642
Brunei,BRN,2012,0.07053536
Brunei,BRN,2013,0.07069532
Brunei,BRN,2014,0.07080452
Brunei,BRN,2015,0.070858985
Brunei,BRN,2016,0.070836455
Brunei,BRN,2017,0.07074447
Brunei,BRN,2018,0.07056624
Brunei,BRN,2019,0.07032438
Brunei,BRN,2020,0.070036404
Brunei,BRN,2021,0.06986918
Brunei,BRN,2022,0.07095518
Brunei,BRN,2023,0.06903964
Bulgaria,BGR,2010,0.075201645
Bulgaria,BGR,2011,0.0700089
Bulgaria,BGR,2012,0.06727902
Bulgaria,BGR,2013,0.06557549
Bulgaria,BGR,2014,0.06576718
Bulgaria,BGR,2015,0.059209518
Bulgaria,BGR,2016,0.058460876
Bulgaria,BGR,2017,0.057853475
Bulgaria,BGR,2018,0.05541421
Bulgaria,BGR,2019,0.053912267
Bulgaria,BGR,2020,0.05039176
Bulgaria,BGR,2021,0.054991376
Bulgaria,BGR,2022,0.05396376
Bulgaria,BGR,2023,0.04867039
Burkina Faso,BFA,2010,0.40437272
Burkina Faso,BFA,2011,0.3933103
Burkina Faso,BFA,2012,0.385647
Burkina Faso,BFA,2013,0.37826672
Burkina Faso,BFA,2014,0.36943686
Burkina Faso,BFA,2015,0.36256734
Burkina Faso,BFA,2016,0.3542411
Burkina Faso,BFA,2017,0.34776196
Burkina Faso,BFA,2018,0.3396582
Burkina Faso,BFA,2019,0.33476457
Burkina Faso,BFA,2020,0.32580918
Burkina Faso,BFA,2021,0.31992432
Burkina Faso,BFA,2022,0.31401438
Burkina Faso,BFA,2023,0.31094408
Burundi,BDI,2010,0.35487258
Burundi,BDI,2011,0.34316814
Burundi,BDI,2012,0.33037472
Burundi,BDI,2013,0.32008794
Burundi,BDI,2014,0.31105918
Burundi,BDI,2015,0.30181777
Burundi,BDI,2016,0.29357207
Burundi,BDI,2017,0.28427714
Burundi,BDI,2018,0.2780639
Burundi,BDI,2019,0.2705959
Burundi,BDI,2020,0.2641457
Burundi,BDI,2021,0.25820205
Burundi,BDI,2022,0.25205567
Burundi,BDI,2023,0.24794993
Cambodia,KHM,2010,0.22783238
Cambodia,KHM,2011,0.21854134
Cambodia,KHM,2012,0.20833923
Cambodia,KHM,2013,0.19951564
Cambodia,KHM,2014,0.19210388
Cambodia,KHM,2015,0.18444584
Cambodia,KHM,2016,0.17790139
Cambodia,KHM,2017,0.17378475
Cambodia,KHM,2018,0.16862038
Cambodia,KHM,2019,0.16396408
Cambodia,KHM,2020,0.16127443
Cambodia,KHM,2021,0.15707058
Cambodia,KHM,2022,0.15316099
Cambodia,KHM,2023,0.14907579
Cameroon,CMR,2010,0.37508607
Cameroon,CMR,2011,0.36755604
Cameroon,CMR,2012,0.35880867
Cameroon,CMR,2013,0.35050076
Cameroon,CMR,2014,0.34290624
Cameroon,CMR,2015,0.33340716
Cameroon,CMR,2016,0.3257371
Cameroon,CMR,2017,0.31882802
Cameroon,CMR,2018,0.31091952
Cameroon,CMR,2019,0.30493385
Cameroon,CMR,2020,0.29797113
Cameroon,CMR,2021,0.29095444
Cameroon,CMR,2022,0.28627142
Cameroon,CMR,2023,0.27940363
Canada,CAN,2010,0.046515197
Canada,CAN,2011,0.045617193
Canada,CAN,2012,0.045046993
Canada,CAN,2013,0.04589524
Canada,CAN,2014,0.044387102
Canada,CAN,2015,0.04402571
Canada,CAN,2016,0.044508815
Canada,CAN,2017,0.04467632
Canada,CAN,2018,0.045872916
Canada,CAN,2019,0.043767966
Canada,CAN,2020,0.045216724
Canada,CAN,2021,0.04419581
Canada,CAN,2022,0.044560496
Canada,CAN,2023,0.04257813
Cape Verde,CPV,2010,0.14059672
Cape Verde,CPV,2011,0.13496405
Cape Verde,CPV,2012,0.12887737
Cape Verde,CPV,2013,0.123184755
Cape Verde,CPV,2014,0.11547554
Cape Verde,CPV,2015,0.10998062
Cape Verde,CPV,2016,0.10387039
Cape Verde,CPV,2017,0.09853567
Cape Verde,CPV,2018,0.09385573
Cape Verde,CPV,2019,0.08841877
Cape Verde,CPV,2020,0.08812741
Cape Verde,CPV,2021,0.08274817
Cape Verde,CPV,2022,0.07913867
Cape Verde,CPV,2023,0.076452374
Central African Republic,CAF,2010,0.4511097
Central African Republic,CAF,2011,0.425371
Central African Republic,CAF,2012,0.4138329
Central African Republic,CAF,2013,0.42501664
Central African Republic,CAF,2014,0.4932322
Central African Republic,CAF,2015,0.4069665
Central African Republic,CAF,2016,0.4123572
Central African Republic,CAF,2017,0.4534065
Central African Republic,CAF,2018,0.3981794
Central African Republic,CAF,2019,0.5512823
Central African Republic,CAF,2020,0.40058175
Central African Republic,CAF,2021,0.4743839
Central African Republic,CAF,2022,0.63356674
Central African Republic,CAF,2023,0.34959316
Chad,TCD,2010,0.45752594
Chad,TCD,2011,0.4509672
Chad,TCD,2012,0.44540977
Chad,TCD,2013,0.43847385
Chad,TCD,2014,0.4336763
Chad,TCD,2015,0.42870626
Chad,TCD,2016,0.4216149
Chad,TCD,2017,0.4161355
Chad,TCD,2018,0.40837795
Chad,TCD,2019,0.40220714
Chad,TCD,2020,0.3942626
Chad,TCD,2021,0.38639224
Chad,TCD,2022,0.3819084
Chad,TCD,2023,0.3739629
Chile,CHL,2010,0.067193076
Chile,CHL,2011,0.065543324
Chile,CHL,2012,0.064235374
Chile,CHL,2013,0.063411534
Chile,CHL,2014,0.062496714
Chile,CHL,2015,0.061123542
Chile,CHL,2016,0.060473733
Chile,CHL,2017,0.05883918
Chile,CHL,2018,0.056343287
Chile,CHL,2019,0.053759266
Chile,CHL,2020,0.048978325
Chile,CHL,2021,0.049163394
Chile,CHL,2022,0.048549548
Chile,CHL,2023,0.04597614
China,CHN,2010,0.09922344
China,CHN,2011,0.09244444
China,CHN,2012,0.087086946
China,CHN,2013,0.08218061
China,CHN,2014,0.07763809
China,CHN,2015,0.07333942
China,CHN,2016,0.06947542
China,CHN,2017,0.06600186
China,CHN,2018,0.061927147
China,CHN,2019,0.05883338
China,CHN,2020,0.05617368
China,CHN,2021,0.053333182
China,CHN,2022,0.051722288
China,CHN,2023,0.05146842
Colombia,COL,2010,0.11728202
Colombia,COL,2011,0.11397563
Colombia,COL,2012,0.11023419
Colombia,COL,2013,0.10716917
Colombia,COL,2014,0.10448179
Colombia,COL,2015,0.10179236
Colombia,COL,2016,0.0994774
Colombia,COL,2017,0.09763258
Colombia,COL,2018,0.094628684
Colombia,COL,2019,0.09239034
Colombia,COL,2020,0.09030512
Colombia,COL,2021,0.091657534
Colombia,COL,2022,0.086037785
Colombia,COL,2023,0.08281261
Comoros,COM,2010,0.2944274
Comoros,COM,2011,0.2892753
Comoros,COM,2012,0.28255227
Comoros,COM,2013,0.2770204
Comoros,COM,2014,0.27009675
Comoros,COM,2015,0.26491946
Comoros,COM,2016,0.25985175
Comoros,COM,2017,0.2529986
Comoros,COM,2018,0.24835505
Comoros,COM,2019,0.24239309
Comoros,COM,2020,0.23500013
Comoros,COM,2021,0.231447
Comoros,COM,2022,0.22616933
Comoros,COM,2023,0.22228198
Congo,COG,2010,0.27030227
Congo,COG,2011,0.262356
Congo,COG,2012,0.25662863
Congo,COG,2013,0.25041142
Congo,COG,2014,0.24277218
Congo,COG,2015,0.2382864
Congo,COG,2016,0.23232427
Congo,COG,2017,0.22604997
Congo,COG,2018,0.22195219
Congo,COG,2019,0.23599017
Congo,COG,2020,0.21176024
Congo,COG,2021,0.20767157
Congo,COG,2022,0.20294298
Congo,COG,2023,0.20053959
Costa Rica,CRI,2010,0.074196585
Costa Rica,CRI,2011,0.07257845
Costa Rica,CRI,2012,0.07092309
Costa Rica,CRI,2013,0.06961312
Costa Rica,CRI,2014,0.06869451
Costa Rica,CRI,2015,0.06773897
Costa Rica,CRI,2016,0.067847766
Costa Rica,CRI,2017,0.06651403
Costa Rica,CRI,2018,0.06604517
Costa Rica,CRI,2019,0.063910976
Costa Rica,CRI,2020,0.063033216
Costa Rica,CRI,2021,0.06432554
Costa Rica,CRI,2022,0.06196349
Costa Rica,CRI,2023,0.060489167
Cote d'Ivoire,CIV,2010,0.36487633
Cote d'Ivoire,CIV,2011,0.35867783
Cote d'Ivoire,CIV,2012,0.3517705
Cote d'Ivoire,CIV,2013,0.34541813
Cote d'Ivoire,CIV,2014,0.3376536
Cote d'Ivoire,CIV,2015,0.33161774
Cote d'Ivoire,CIV,2016,0.32587346
Cote d'Ivoire,CIV,2017,0.31854284
Cote d'Ivoire,CIV,2018,0.31310597
Cote d'Ivoire,CIV,2019,0.30609044
Cote d'Ivoire,CIV,2020,0.2990661
Cote d'Ivoire,CIV,2021,0.29457846
Cote d'Ivoire,CIV,2022,0.28925157
Cote d'Ivoire,CIV,2023,0.2849784
Croatia,HRV,2010,0.046348874
Croatia,HRV,2011,0.04274098
Croatia,HRV,2012,0.041967355
Croatia,HRV,2013,0.042190846
Croatia,HRV,2014,0.04268522
Croatia,HRV,2015,0.04261639
Croatia,HRV,2016,0.04113672
Croatia,HRV,2017,0.040704552
Croatia,HRV,2018,0.041634392
Croatia,HRV,2019,0.039341643
Croatia,HRV,2020,0.039768834
Croatia,HRV,2021,0.04068042
Croatia,HRV,2022,0.040656928
Croatia,HRV,2023,0.036139354
Cuba,CUB,2010,0.051880717
Cuba,CUB,2011,0.051616665
Cuba,CUB,2012,0.051561914
Cuba,CUB,2013,0.05147637
Cuba,CUB,2014,0.051505987
Cuba,CUB,2015,0.051879026
Cuba,CUB,2016,0.052357934
Cuba,CUB,2017,0.05253214
Cuba,CUB,2018,0.053916316
Cuba,CUB,2019,0.05136553
Cuba,CUB,2020,0.049429912
Cuba,CUB,2021,0.06348735
Cuba,CUB,2022,0.049222387
Cuba,CUB,2023,0.0478013
Cyprus,CYP,2010,0.031502318
Cyprus,CYP,2011,0.0304904
Cyprus,CYP,2012,0.029641347
Cyprus,CYP,2013,0.028990373
Cyprus,CYP,2014,0.028588729
Cyprus,CYP,2015,0.028313749
Cyprus,CYP,2016,0.028195903
Cyprus,CYP,2017,0.028091457
Cyprus,CYP,2018,0.028263742
Cyprus,CYP,2019,0.028477356
Cyprus,CYP,2020,0.031200113
Cyprus,CYP,2021,0.03255536
Cyprus,CYP,2022,0.038404178
Cyprus,CYP,2023,0.029399596
Czechia,CZE,2010,0.03482589
Czechia,CZE,2011,0.03430763
Czechia,CZE,2012,0.03402541
Czechia,CZE,2013,0.032814577
Czechia,CZE,2014,0.032297812
Czechia,CZE,2015,0.032086805
Czechia,CZE,2016,0.034287278
Czechia,CZE,2017,0.033306763
Czechia,CZE,2018,0.03293318
Czechia,CZE,2019,0.03296243
Czechia,CZE,2020,0.030358119
Czechia,CZE,2021,0.03107306
Czechia,CZE,2022,0.031678822
Czechia,CZE,2023,0.03040559
Democratic Republic of Congo,COD,2010,0.395221
Democratic Republic of Congo,COD,2011,0.38809833
Democratic Republic of Congo,COD,2012,0.37970123
Democratic Republic of Congo,COD,2013,0.37302884
Democratic Republic of Congo,COD,2014,0.36499774
Democratic Republic of Congo,COD,2015,0.35888997
Democratic Republic of Congo,COD,2016,0.3512238
Democratic Republic of Congo,COD,2017,0.34541184
Democratic Republic of Congo,COD,2018,0.3376354
Democratic Republic of Congo,COD,2019,0.3331047
Democratic Republic of Congo,COD,2020,0.3232292
Democratic Republic of Congo,COD,2021,0.31811684
Democratic Republic of Congo,COD,2022,0.3115018
Democratic Republic of Congo,COD,2023,0.30771446
Denmark,DNK,2010,0.036373287
Denmark,DNK,2011,0.03630902
Denmark,DNK,2012,0.03528499
Denmark,DNK,2013,0.0353217
Denmark,DNK,2014,0.038373265
Denmark,DNK,2015,0.036047734
Denmark,DNK,2016,0.034287933
Denmark,DNK,2017,0.0360788
Denmark,DNK,2018,0.035375
Denmark,DNK,2019,0.03178854
Denmark,DNK,2020,0.03263628
Denmark,DNK,2021,0.032710582
Denmark,DNK,2022,0.03214845
Denmark,DNK,2023,0.030564118
Djibouti,DJI,2010,0.31560108
Djibouti,DJI,2011,0.3083292
Djibouti,DJI,2012,0.30382553
Djibouti,DJI,2013,0.29757413
Djibouti,DJI,2014,0.2934335
Djibouti,DJI,2015,0.2871035
Djibouti,DJI,2016,0.28046384
Djibouti,DJI,2017,0.27614444
Djibouti,DJI,2018,0.2701364
Djibouti,DJI,2019,0.2647198
Djibouti,DJI,2020,0.25687754
Djibouti,DJI,2021,0.2531352
Djibouti,DJI,2022,0.24799551
Djibouti,DJI,2023,0.24218138
Dominica,DMA,2010,0.13537629
Dominica,DMA,2011,0.13878183
Dominica,DMA,2012,0.14223221
Dominica,DMA,2013,0.14573391
Dominica,DMA,2014,0.15092966
Dominica,DMA,2015,0.17340101
Dominica,DMA,2016,0.15543143
Dominica,DMA,2017,0.19997007
Dominica,DMA,2018,0.16094057
Dominica,DMA,2019,0.1642177
Dominica,DMA,2020,0.16478376
Dominica,DMA,2021,0.16872768
Dominica,DMA,2022,0.17026508
Dominica,DMA,2023,0.17273548
Dominican Republic,DOM,2010,0.1875034
Dominican Republic,DOM,2011,0.187298
Dominican Republic,DOM,2012,0.18546283
Dominican Republic,DOM,2013,0.18487985
Dominican Republic,DOM,2014,0.18446751
Dominican Republic,DOM,2015,0.18438053
Dominican Republic,DOM,2016,0.18467991
Dominican Republic,DOM,2017,0.18204205
Dominican Republic,DOM,2018,0.1788612
Dominican Republic,DOM,2019,0.17883225
Dominican Republic,DOM,2020,0.17498904
Dominican Republic,DOM,2021,0.173995
Dominican Republic,DOM,2022,0.17084749
Dominican Republic,DOM,2023,0.1698187
East Asia and the Pacific (UNDP),,2010,0.12093526
East Asia and the Pacific (UNDP),,2011,0.11511748
East Asia and the Pacific (UNDP),,2012,0.110491306
East Asia and the Pacific (UNDP),,2013,0.10600961
East Asia and the Pacific (UNDP),,2014,0.10183802
East Asia and the Pacific (UNDP),,2015,0.09823364
East Asia and the Pacific (UNDP),,2016,0.09473671
East Asia and the Pacific (UNDP),,2017,0.09127853
East Asia and the Pacific (UNDP),,2018,0.087869376
East Asia and the Pacific (UNDP),,2019,0.084951565
East Asia and the Pacific (UNDP),,2020,0.08226861
East Asia and the Pacific (UNDP),,2021,0.07974976
East Asia and the Pacific (UNDP),,2022,0.07849338
East Asia and the Pacific (UNDP),,2023,0.07758663
East Timor,TLS,2010,0.29494745
East Timor,TLS,2011,0.28966522
East Timor,TLS,2012,0.28234252
East Timor,TLS,2013,0.27555817
East Timor,TLS,2014,0.271163
East Timor,TLS,2015,0.26506692
East Timor,TLS,2016,0.2611944
East Timor,TLS,2017,0.255267
East Timor,TLS,2018,0.24898997
East Timor,TLS,2019,0.24491942
East Timor,TLS,2020,0.23819204
East Timor,TLS,2021,0.2330737
East Timor,TLS,2022,0.22845525
East Timor,TLS,2023,0.22214395
Ecuador,ECU,2010,0.120746516
Ecuador,ECU,2011,0.116004
Ecuador,ECU,2012,0.111801825
Ecuador,ECU,2013,0.10750683
Ecuador,ECU,2014,0.10360796
Ecuador,ECU,2015,0.100691035
Ecuador,ECU,2016,0.09944413
Ecuador,ECU,2017,0.09434685
Ecuador,ECU,2018,0.09380057
Ecuador,ECU,2019,0.09204726
Ecuador,ECU,2020,0.08923759
Ecuador,ECU,2021,0.089970596
Ecuador,ECU,2022,0.085966736
Ecuador,ECU,2023,0.08357657
Egypt,EGY,2010,0.15490265
Egypt,EGY,2011,0.1519107
Egypt,EGY,2012,0.14482184
Egypt,EGY,2013,0.14076847
Egypt,EGY,2014,0.13582312
Egypt,EGY,2015,0.1319383
Egypt,EGY,2016,0.12768027
Egypt,EGY,2017,0.12386298
Egypt,EGY,2018,0.12009388
Egypt,EGY,2019,0.11540649
Egypt,EGY,2020,0.110661946
Egypt,EGY,2021,0.10766429
Egypt,EGY,2022,0.1058924
Egypt,EGY,2023,0.10438544
El Salvador,SLV,2010,0.12981549
El Salvador,SLV,2011,0.12529878
El Salvador,SLV,2012,0.12034185
El Salvador,SLV,2013,0.118031465
El Salvador,SLV,2014,0.11535277
El Salvador,SLV,2015,0.11315976
El Salvador,SLV,2016,0.11095739
El Salvador,SLV,2017,0.106972486
El Salvador,SLV,2018,0.1025093
El Salvador,SLV,2019,0.09733584
El Salvador,SLV,2020,0.094666205
El Salvador,SLV,2021,0.09324522
El Salvador,SLV,2022,0.09120068
El Salvador,SLV,2023,0.0886658
Equatorial Guinea,GNQ,2010,0.38020524
Equatorial Guinea,GNQ,2011,0.37269512
Equatorial Guinea,GNQ,2012,0.36551574
Equatorial Guinea,GNQ,2013,0.3567777
Equatorial Guinea,GNQ,2014,0.35002023
Equatorial Guinea,GNQ,2015,0.3433115
Equatorial Guinea,GNQ,2016,0.33676857
Equatorial Guinea,GNQ,2017,0.3286465
Equatorial Guinea,GNQ,2018,0.32245678
Equatorial Guinea,GNQ,2019,0.31619698
Equatorial Guinea,GNQ,2020,0.30707029
Equatorial Guinea,GNQ,2021,0.30195266
Equatorial Guinea,GNQ,2022,0.2967347
Equatorial Guinea,GNQ,2023,0.28897822
Eritrea,ERI,2010,0.26180518
Eritrea,ERI,2011,0.25659367
Eritrea,ERI,2012,0.25004447
Eritrea,ERI,2013,0.24428481
Eritrea,ERI,2014,0.23959614
Eritrea,ERI,2015,0.23370565
Eritrea,ERI,2016,0.2282663
Eritrea,ERI,2017,0.22270668
Eritrea,ERI,2018,0.21895812
Eritrea,ERI,2019,0.21361719
Eritrea,ERI,2020,0.20764446
Eritrea,ERI,2021,0.2025815
Eritrea,ERI,2022,0.19929647
Eritrea,ERI,2023,0.19421859
Estonia,EST,2010,0.047369994
Estonia,EST,2011,0.04176525
Estonia,EST,2012,0.047033485
Estonia,EST,2013,0.037970137
Estonia,EST,2014,0.041986153
Estonia,EST,2015,0.039648447
Estonia,EST,2016,0.03866319
Estonia,EST,2017,0.036653146
Estonia,EST,2018,0.03271037
Estonia,EST,2019,0.032127853
Estonia,EST,2020,0.030855406
Estonia,EST,2021,0.03611032
Estonia,EST,2022,0.034096528
Estonia,EST,2023,0.030111259
Eswatini,SWZ,2010,0.32951283
Eswatini,SWZ,2011,0.31536162
Eswatini,SWZ,2012,0.30346513
Eswatini,SWZ,2013,0.2937771
Eswatini,SWZ,2014,0.2875643
Eswatini,SWZ,2015,0.28141707
Eswatini,SWZ,2016,0.27540615
Eswatini,SWZ,2017,0.2710921
Eswatini,SWZ,2018,0.2648442
Eswatini,SWZ,2019,0.2599209
Eswatini,SWZ,2020,0.2507114
Eswatini,SWZ,2021,0.24635111
Eswatini,SWZ,2022,0.24147688
Eswatini,SWZ,2023,0.23702778
Ethiopia,ETH,2010,0.33170432
Ethiopia,ETH,2011,0.3210764
Ethiopia,ETH,2012,0.3091775
Ethiopia,ETH,2013,0.29988378
Ethiopia,ETH,2014,0.29061976
Ethiopia,ETH,2015,0.28018346
Ethiopia,ETH,2016,0.2727137
Ethiopia,ETH,2017,0.26338536
Ethiopia,ETH,2018,0.2569113
Ethiopia,ETH,2019,0.24896133
Ethiopia,ETH,2020,0.24071541
Ethiopia,ETH,2021,0.23674706
Ethiopia,ETH,2022,0.23032339
Ethiopia,ETH,2023,0.2236645
Europe,,2010,0.05485079
Europe,,2011,0.052040715
Europe,,2012,0.052131698
Europe,,2013,0.05043069
Europe,,2014,0.04926837
Europe,,2015,0.04730244
Europe,,2016,0.046198398
Europe,,2017,0.04481124
Europe,,2018,0.04377806
Europe,,2019,0.043033265
Europe,,2020,0.041719653
Europe,,2021,0.041786462
Europe,,2022,0.043318942
Europe,,2023,0.040954184
Europe and Central Asia (UNDP),,2010,0.11519162
Europe and Central Asia (UNDP),,2011,0.11042105
Europe and Central Asia (UNDP),,2012,0.10551171
Europe and Central Asia (UNDP),,2013,0.10091749
Europe and Central Asia (UNDP),,2014,0.09707283
Europe and Central Asia (UNDP),,2015,0.093257666
Europe and Central Asia (UNDP),,2016,0.090364866
Europe and Central Asia (UNDP),,2017,0.087354414
Europe and Central Asia (UNDP),,2018,0.084348395
Europe and Central Asia (UNDP),,2019,0.08206127
Europe and Central Asia (UNDP),,2020,0.079316996
Europe and Central Asia (UNDP),,2021,0.07706783
Europe and Central Asia (UNDP),,2022,0.07909679
Europe and Central Asia (UNDP),,2023,0.08424193
European Union (27),,2010,0.041533172
European Union (27),,2011,0.04044259
European Union (27),,2012,0.03964856
European Union (27),,2013,0.03879994
European Union (27),,2014,0.0381441
European Union (27),,2015,0.0375324
European Union (27),,2016,0.03737509
European Union (27),,2017,0.03685784
European Union (27),,2018,0.036434483
European Union (27),,2019,0.03587373
European Union (27),,2020,0.0347664
European Union (27),,2021,0.03544067
European Union (27),,2022,0.036894426
European Union (27),,2023,0.033500373
Fiji,FJI,2010,0.12867266
Fiji,FJI,2011,0.1267925
Fiji,FJI,2012,0.12740152
Fiji,FJI,2013,0.12497809
Fiji,FJI,2014,0.12518589
Fiji,FJI,2015,0.12670079
Fiji,FJI,2016,0.13104658
Fiji,FJI,2017,0.13168177
Fiji,FJI,2018,0.13585865
Fiji,FJI,2019,0.13936652
Fiji,FJI,2020,0.14350918
Fiji,FJI,2021,0.14623648
Fiji,FJI,2022,0.1514168
Fiji,FJI,2023,0.15454216
Finland,FIN,2010,0.03400356
Finland,FIN,2011,0.03382191
Finland,FIN,2012,0.033591527
Finland,FIN,2013,0.029298745
Finland,FIN,2014,0.030709095
Finland,FIN,2015,0.027406974
Finland,FIN,2016,0.028528322
Finland,FIN,2017,0.029897826
Finland,FIN,2018,0.029739253
Finland,FIN,2019,0.030151986
Finland,FIN,2020,0.029146729
Finland,FIN,2021,0.0282551
Finland,FIN,2022,0.031166296
Finland,FIN,2023,0.02914588
France,FRA,2010,0.040322542
France,FRA,2011,0.038975015
France,FRA,2012,0.038855467
France,FRA,2013,0.03933025
France,FRA,2014,0.03838147
France,FRA,2015,0.0392208
France,FRA,2016,0.03873652
France,FRA,2017,0.0392448
France,FRA,2018,0.03957083
France,FRA,2019,0.03925323
France,FRA,2020,0.037235588
France,FRA,2021,0.03867605
France,FRA,2022,0.039299384
France,FRA,2023,0.037122227
Gabon,GAB,2010,0.2656898
Gabon,GAB,2011,0.25836343
Gabon,GAB,2012,0.25228333
Gabon,GAB,2013,0.24441427
Gabon,GAB,2014,0.23812936
Gabon,GAB,2015,0.23030275
Gabon,GAB,2016,0.22293985
Gabon,GAB,2017,0.21795715
Gabon,GAB,2018,0.21216194
Gabon,GAB,2019,0.20874536
Gabon,GAB,2020,0.20302127
Gabon,GAB,2021,0.19839966
Gabon,GAB,2022,0.19530372
Gabon,GAB,2023,0.19048727
Gambia,GMB,2010,0.30477443
Gambia,GMB,2011,0.2980634
Gambia,GMB,2012,0.29013842
Gambia,GMB,2013,0.28410435
Gambia,GMB,2014,0.27653906
Gambia,GMB,2015,0.27073005
Gambia,GMB,2016,0.26327053
Gambia,GMB,2017,0.2564687
Gambia,GMB,2018,0.25140324
Gambia,GMB,2019,0.24468006
Gambia,GMB,2020,0.23668344
Gambia,GMB,2021,0.23328204
Gambia,GMB,2022,0.22767688
Gambia,GMB,2023,0.22197388
Georgia,GEO,2010,0.09735537
Georgia,GEO,2011,0.089555405
Georgia,GEO,2012,0.08579835
Georgia,GEO,2013,0.08259689
Georgia,GEO,2014,0.07960309
Georgia,GEO,2015,0.07789566
Georgia,GEO,2016,0.076038755
Georgia,GEO,2017,0.074734405
Georgia,GEO,2018,0.073552854
Georgia,GEO,2019,0.07174478
Georgia,GEO,2020,0.070485555
Georgia,GEO,2021,0.0700283
Georgia,GEO,2022,0.0693695
Georgia,GEO,2023,0.06873168
Germany,DEU,2010,0.03721557
Germany,DEU,2011,0.037701305
Germany,DEU,2012,0.03552715
Germany,DEU,2013,0.035544258
Germany,DEU,2014,0.03490751
Germany,DEU,2015,0.03529804
Germany,DEU,2016,0.036551315
Germany,DEU,2017,0.034482066
Germany,DEU,2018,0.034445714
Germany,DEU,2019,0.03426294
Germany,DEU,2020,0.03316582
Germany,DEU,2021,0.034189954
Germany,DEU,2022,0.034774855
Germany,DEU,2023,0.032403857
Ghana,GHA,2010,0.30037755
Ghana,GHA,2011,0.29408813
Ghana,GHA,2012,0.28558484
Ghana,GHA,2013,0.27918315
Ghana,GHA,2014,0.27119076
Ghana,GHA,2015,0.2634887
Ghana,GHA,2016,0.25823504
Ghana,GHA,2017,0.25158462
Ghana,GHA,2018,0.24699697
Ghana,GHA,2019,0.24090625
Ghana,GHA,2020,0.23458448
Ghana,GHA,2021,0.2292881
Ghana,GHA,2022,0.22624697
Ghana,GHA,2023,0.22112241
Greece,GRC,2010,0.036764845
Greece,GRC,2011,0.036631282
Greece,GRC,2012,0.036437977
Greece,GRC,2013,0.036050256
Greece,GRC,2014,0.0360663
Greece,GRC,2015,0.036158267
Greece,GRC,2016,0.035589203
Greece,GRC,2017,0.035700828
Greece,GRC,2018,0.035052158
Greece,GRC,2019,0.03474319
Greece,GRC,2020,0.035259966
Greece,GRC,2021,0.037761632
Greece,GRC,2022,0.04180558
Greece,GRC,2023,0.03268102
Grenada,GRD,2010,0.09571451
Grenada,GRD,2011,0.095880225
Grenada,GRD,2012,0.0961288
Grenada,GRD,2013,0.09736205
Grenada,GRD,2014,0.09782593
Grenada,GRD,2015,0.098336995
Grenada,GRD,2016,0.098906614
Grenada,GRD,2017,0.099511325
Grenada,GRD,2018,0.10006403
Grenada,GRD,2019,0.10044668
Grenada,GRD,2020,0.100692615
Grenada,GRD,2021,0.100666255
Grenada,GRD,2022,0.10093191
Grenada,GRD,2023,0.10109756
Guatemala,GTM,2010,0.18897411
Guatemala,GTM,2011,0.1821266
Guatemala,GTM,2012,0.17580672
Guatemala,GTM,2013,0.17206106
Guatemala,GTM,2014,0.16725232
Guatemala,GTM,2015,0.16333316
Guatemala,GTM,2016,0.15971369
Guatemala,GTM,2017,0.1533582
Guatemala,GTM,2018,0.14940031
Guatemala,GTM,2019,0.14480762
Guatemala,GTM,2020,0.13884236
Guatemala,GTM,2021,0.13698009
Guatemala,GTM,2022,0.13390765
Guatemala,GTM,2023,0.13049634
Guinea,GIN,2010,0.41273046
Guinea,GIN,2011,0.40762353
Guinea,GIN,2012,0.40464798
Guinea,GIN,2013,0.39980468
Guinea,GIN,2014,0.39700687
Guinea,GIN,2015,0.3941588
Guinea,GIN,2016,0.38709235
Guinea,GIN,2017,0.38424337
Guinea,GIN,2018,0.3789944
Guinea,GIN,2019,0.3734852
Guinea,GIN,2020,0.36825123
Guinea,GIN,2021,0.36269414
Guinea,GIN,2022,0.35949317
Guinea,GIN,2023,0.35368496
Guinea-Bissau,GNB,2010,0.38397723
Guinea-Bissau,GNB,2011,0.37385726
Guinea-Bissau,GNB,2012,0.3647297
Guinea-Bissau,GNB,2013,0.35598472
Guinea-Bissau,GNB,2014,0.3477358
Guinea-Bissau,GNB,2015,0.3399594
Guinea-Bissau,GNB,2016,0.33120063
Guinea-Bissau,GNB,2017,0.3245899
Guinea-Bissau,GNB,2018,0.318245
Guinea-Bissau,GNB,2019,0.3104557
Guinea-Bissau,GNB,2020,0.3024471
Guinea-Bissau,GNB,2021,0.29593116
Guinea-Bissau,GNB,2022,0.29145753
Guinea-Bissau,GNB,2023,0.28596172
Guyana,GUY,2010,0.19459668
Guyana,GUY,2011,0.1914
Guyana,GUY,2012,0.18816929
Guyana,GUY,2013,0.1865539
Guyana,GUY,2014,0.18273504
Guyana,GUY,2015,0.17887306
Guyana,GUY,2016,0.17485212
Guyana,GUY,2017,0.17256616
Guyana,GUY,2018,0.16853379
Guyana,GUY,2019,0.16459467
Guyana,GUY,2020,0.15895101
Guyana,GUY,2021,0.15600291
Guyana,GUY,2022,0.15462127
Guyana,GUY,2023,0.14910093
Haiti,HTI,2010,0.45078287
Haiti,HTI,2011,0.31882256
Haiti,HTI,2012,0.30903697
Haiti,HTI,2013,0.30428597
Haiti,HTI,2014,0.29797605
Haiti,HTI,2015,0.2923519
Haiti,HTI,2016,0.2908265
Haiti,HTI,2017,0.28193158
Haiti,HTI,2018,0.27590463
Haiti,HTI,2019,0.27186185
Haiti,HTI,2020,0.26501876
Haiti,HTI,2021,0.26528883
Haiti,HTI,2022,0.25821465
Haiti,HTI,2023,0.25316224
High human development (UNDP),,2010,0.12219288
High human development (UNDP),,2011,0.11670961
High human development (UNDP),,2012,0.11241259
High human development (UNDP),,2013,0.10845215
High human development (UNDP),,2014,0.10479214
High human development (UNDP),,2015,0.10144037
High human development (UNDP),,2016,0.09829497
High human development (UNDP),,2017,0.095134094
High human development (UNDP),,2018,0.092177056
High human development (UNDP),,2019,0.08957472
High human development (UNDP),,2020,0.08640016
High human development (UNDP),,2021,0.08503092
High human development (UNDP),,2022,0.08411629
High human development (UNDP),,2023,0.082825154
High-income countries,,2010,0.05186697
High-income countries,,2011,0.050223254
High-income countries,,2012,0.049822703
High-income countries,,2013,0.04873289
High-income countries,,2014,0.04789031
High-income countries,,2015,0.04687324
High-income countries,,2016,0.046390653
High-income countries,,2017,0.04539462
High-income countries,,2018,0.04463416
High-income countries,,2019,0.044136133
High-income countries,,2020,0.043536644
High-income countries,,2021,0.04456154
High-income countries,,2022,0.044060245
High-income countries,,2023,0.041934982
Honduras,HND,2010,0.14576231
Honduras,HND,2011,0.14012232
Honduras,HND,2012,0.13565001
Honduras,HND,2013,0.13169524
Honduras,HND,2014,0.12790212
Honduras,HND,2015,0.1240705
Honduras,HND,2016,0.11931444
Honduras,HND,2017,0.1161742
Honduras,HND,2018,0.1129447
Honduras,HND,2019,0.11048178
Honduras,HND,2020,0.10708915
Honduras,HND,2021,0.10460312
Honduras,HND,2022,0.10170197
Honduras,HND,2023,0.099130355
Hong Kong,HKG,2010,0.030297866
Hong Kong,HKG,2011,0.02960462
Hong Kong,HKG,2012,0.028871283
Hong Kong,HKG,2013,0.027953984
Hong Kong,HKG,2014,0.027157713
Hong Kong,HKG,2015,0.026589388
Hong Kong,HKG,2016,0.02620443
Hong Kong,HKG,2017,0.025982285
Hong Kong,HKG,2018,0.025621848
Hong Kong,HKG,2019,0.02537691
Hong Kong,HKG,2020,0.024755262
Hong Kong,HKG,2021,0.024539173
Hong Kong,HKG,2022,0.024421182
Hong Kong,HKG,2023,0.022852687
Hungary,HUN,2010,0.05068117
Hungary,HUN,2011,0.049335968
Hungary,HUN,2012,0.048452865
Hungary,HUN,2013,0.048442297
Hungary,HUN,2014,0.046241023
Hungary,HUN,2015,0.044214964
Hungary,HUN,2016,0.042722482
Hungary,HUN,2017,0.040194705
Hungary,HUN,2018,0.038380373
Hungary,HUN,2019,0.04048549
Hungary,HUN,2020,0.038670078
Hungary,HUN,2021,0.039424494
Hungary,HUN,2022,0.039360575
Hungary,HUN,2023,0.03724297
Iceland,ISL,2010,0.032165345
Iceland,ISL,2011,0.024519177
Iceland,ISL,2012,0.024785094
Iceland,ISL,2013,0.02870512
Iceland,ISL,2014,0.029265922
Iceland,ISL,2015,0.030823398
Iceland,ISL,2016,0.024044761
Iceland,ISL,2017,0.03399507
Iceland,ISL,2018,0.028598001
Iceland,ISL,2019,0.023306336
Iceland,ISL,2020,0.033209547
Iceland,ISL,2021,0.03704625
Iceland,ISL,2022,0.021915514
Iceland,ISL,2023,0.020176718
India,IND,2010,0.2566358
India,IND,2011,0.24809441
India,IND,2012,0.2377066
India,IND,2013,0.22963822
India,IND,2014,0.2210873
India,IND,2015,0.21124521
India,IND,2016,0.20347959
India,IND,2017,0.19620332
India,IND,2018,0.18735456
India,IND,2019,0.18091995
India,IND,2020,0.17181723
India,IND,2021,0.1658343
India,IND,2022,0.15992205
India,IND,2023,0.15472263
Indonesia,IDN,2010,0.18066259
Indonesia,IDN,2011,0.17491752
Indonesia,IDN,2012,0.17145094
Indonesia,IDN,2013,0.16635062
Indonesia,IDN,2014,0.16136631
Indonesia,IDN,2015,0.15833782
Indonesia,IDN,2016,0.15373258
Indonesia,IDN,2017,0.14755745
Indonesia,IDN,2018,0.1441619
Indonesia,IDN,2019,0.13954042
Indonesia,IDN,2020,0.13483405
Indonesia,IDN,2021,0.1311918
Indonesia,IDN,2022,0.12866004
Indonesia,IDN,2023,0.12515745
Iran,IRN,2010,0.11966836
Iran,IRN,2011,0.11492558
Iran,IRN,2012,0.11072919
Iran,IRN,2013,0.10670539
Iran,IRN,2014,0.103173636
Iran,IRN,2015,0.09992082
Iran,IRN,2016,0.09685513
Iran,IRN,2017,0.09417217
Iran,IRN,2018,0.09048237
Iran,IRN,2019,0.087996334
Iran,IRN,2020,0.085589655
Iran,IRN,2021,0.08756661
Iran,IRN,2022,0.08201251
Iran,IRN,2023,0.0785343
Iraq,IRQ,2010,0.18617867
Iraq,IRQ,2011,0.18280397
Iraq,IRQ,2012,0.17784533
Iraq,IRQ,2013,0.17480451
Iraq,IRQ,2014,0.16697223
Iraq,IRQ,2015,0.16495168
Iraq,IRQ,2016,0.1668473
Iraq,IRQ,2017,0.1589806
Iraq,IRQ,2018,0.1506726
Iraq,IRQ,2019,0.14953381
Iraq,IRQ,2020,0.14453736
Iraq,IRQ,2021,0.14070341
Iraq,IRQ,2022,0.13704143
Iraq,IRQ,2023,0.13284935
Ireland,IRL,2010,0.03860815
Ireland,IRL,2011,0.03788119
Ireland,IRL,2012,0.036373235
Ireland,IRL,2013,0.037045654
Ireland,IRL,2014,0.03580376
Ireland,IRL,2015,0.03526641
Ireland,IRL,2016,0.03283513
Ireland,IRL,2017,0.03207978
Ireland,IRL,2018,0.031249236
Ireland,IRL,2019,0.033248313
Ireland,IRL,2020,0.031033305
Ireland,IRL,2021,0.03254761
Ireland,IRL,2022,0.031931855
Ireland,IRL,2023,0.031270966
Israel,ISR,2010,0.03906684
Israel,ISR,2011,0.036995992
Israel,ISR,2012,0.03672733
Israel,ISR,2013,0.034314714
Israel,ISR,2014,0.034762822
Israel,ISR,2015,0.033749484
Israel,ISR,2016,0.033375524
Israel,ISR,2017,0.0334775
Israel,ISR,2018,0.03298002
Israel,ISR,2019,0.0323917
Israel,ISR,2020,0.028267972
Israel,ISR,2021,0.032164335
Israel,ISR,2022,0.030874588
Israel,ISR,2023,0.03562008
Italy,ITA,2010,0.0334656
Italy,ITA,2011,0.03283699
Italy,ITA,2012,0.031852644
Italy,ITA,2013,0.031326644
Italy,ITA,2014,0.030150788
Italy,ITA,2015,0.030637193
Italy,ITA,2016,0.030202003
Italy,ITA,2017,0.031138198
Italy,ITA,2018,0.030581063
Italy,ITA,2019,0.028148351
Italy,ITA,2020,0.02780215
Italy,ITA,2021,0.027736392
Italy,ITA,2022,0.03294773
Italy,ITA,2023,0.02616616
Jamaica,JAM,2010,0.11426289
Jamaica,JAM,2011,0.11346407
Jamaica,JAM,2012,0.11297402
Jamaica,JAM,2013,0.1125839
Jamaica,JAM,2014,0.112384684
Jamaica,JAM,2015,0.1123878
Jamaica,JAM,2016,0.11251309
Jamaica,JAM,2017,0.11274723
Jamaica,JAM,2018,0.11487725
Jamaica,JAM,2019,0.11583822
Jamaica,JAM,2020,0.11543059
Jamaica,JAM,2021,0.11480734
Jamaica,JAM,2022,0.116188325
Jamaica,JAM,2023,0.11632026
Japan,JPN,2010,0.031965945
Japan,JPN,2011,0.033667874
Japan,JPN,2012,0.030631386
Japan,JPN,2013,0.029564228
Japan,JPN,2014,0.029334454
Japan,JPN,2015,0.028291864
Japan,JPN,2016,0.028060453
Japan,JPN,2017,0.02696923
Japan,JPN,2018,0.02705143
Japan,JPN,2019,0.027054884
Japan,JPN,2020,0.026422909
Japan,JPN,2021,0.026097097
Japan,JPN,2022,0.025969598
Japan,JPN,2023,0.025462842
Jordan,JOR,2010,0.12055176
Jordan,JOR,2011,0.1179924
Jordan,JOR,2012,0.115459785
Jordan,JOR,2013,0.11289436
Jordan,JOR,2014,0.110026084
Jordan,JOR,2015,0.107070826
Jordan,JOR,2016,0.10579009
Jordan,JOR,2017,0.10282233
Jordan,JOR,2018,0.10014622
Jordan,JOR,2019,0.097172715
Jordan,JOR,2020,0.09427417
Jordan,JOR,2021,0.09288103
Jordan,JOR,2022,0.090132274
Jordan,JOR,2023,0.08781133
Kazakhstan,KAZ,2010,0.13146196
Kazakhstan,KAZ,2011,0.12035124
Kazakhstan,KAZ,2012,0.11122575
Kazakhstan,KAZ,2013,0.102985814
Kazakhstan,KAZ,2014,0.09506226
Kazakhstan,KAZ,2015,0.089253284
Kazakhstan,KAZ,2016,0.0846813
Kazakhstan,KAZ,2017,0.081206284
Kazakhstan,KAZ,2018,0.07863839
Kazakhstan,KAZ,2019,0.07674064
Kazakhstan,KAZ,2020,0.07463258
Kazakhstan,KAZ,2021,0.073513985
Kazakhstan,KAZ,2022,0.074157365
Kazakhstan,KAZ,2023,0.07167494
Kenya,KEN,2010,0.25054166
Kenya,KEN,2011,0.24378815
Kenya,KEN,2012,0.24022213
Kenya,KEN,2013,0.23622702
Kenya,KEN,2014,0.23201847
Kenya,KEN,2015,0.23006652
Kenya,KEN,2016,0.22622362
Kenya,KEN,2017,0.22287478
Kenya,KEN,2018,0.22009216
Kenya,KEN,2019,0.21740076
Kenya,KEN,2020,0.22655231
Kenya,KEN,2021,0.22375645
Kenya,KEN,2022,0.21106718
Kenya,KEN,2023,0.20897278
Kiribati,KIR,2010,0.25933236
Kiribati,KIR,2011,0.25869876
Kiribati,KIR,2012,0.25851804
Kiribati,KIR,2013,0.2588141
Kiribati,KIR,2014,0.25949743
Kiribati,KIR,2015,0.260356
Kiribati,KIR,2016,0.261079
Kiribati,KIR,2017,0.26137164
Kiribati,KIR,2018,0.26100183
Kiribati,KIR,2019,0.25979692
Kiribati,KIR,2020,0.2564802
Kiribati,KIR,2021,0.25392154
Kiribati,KIR,2022,0.25143293
Kiribati,KIR,2023,0.24722785
Kuwait,KWT,2010,0.06846607
Kuwait,KWT,2011,0.06689574
Kuwait,KWT,2012,0.06533722
Kuwait,KWT,2013,0.06386772
Kuwait,KWT,2014,0.06254706
Kuwait,KWT,2015,0.061692175
Kuwait,KWT,2016,0.06056753
Kuwait,KWT,2017,0.05987767
Kuwait,KWT,2018,0.059393503
Kuwait,KWT,2019,0.058942415
Kuwait,KWT,2020,0.059081294
Kuwait,KWT,2021,0.058250688
Kuwait,KWT,2022,0.055339858
Kuwait,KWT,2023,0.057814952
Kyrgyzstan,KGZ,2010,0.16346975
Kyrgyzstan,KGZ,2011,0.1556837
Kyrgyzstan,KGZ,2012,0.15036772
Kyrgyzstan,KGZ,2013,0.1420791
Kyrgyzstan,KGZ,2014,0.13623965
Kyrgyzstan,KGZ,2015,0.1302078
Kyrgyzstan,KGZ,2016,0.124997005
Kyrgyzstan,KGZ,2017,0.11919382
Kyrgyzstan,KGZ,2018,0.114671744
Kyrgyzstan,KGZ,2019,0.111344665
Kyrgyzstan,KGZ,2020,0.107067935
Kyrgyzstan,KGZ,2021,0.10747778
Kyrgyzstan,KGZ,2022,0.10548841
Kyrgyzstan,KGZ,2023,0.10309394
Laos,LAO,2010,0.28564614
Laos,LAO,2011,0.27702072
Laos,LAO,2012,0.26660007
Laos,LAO,2013,0.25933582
Laos,LAO,2014,0.24937077
Laos,LAO,2015,0.24313298
Laos,LAO,2016,0.2352423
Laos,LAO,2017,0.22953811
Laos,LAO,2018,0.22388293
Laos,LAO,2019,0.21637057
Laos,LAO,2020,0.21008612
Laos,LAO,2021,0.20577526
Laos,LAO,2022,0.20031478
Laos,LAO,2023,0.19672447
Latin America and the Caribbean (UNDP),,2010,0.12760288
Latin America and the Caribbean (UNDP),,2011,0.12253713
Latin America and the Caribbean (UNDP),,2012,0.119539574
Latin America and the Caribbean (UNDP),,2013,0.11695568
Latin America and the Caribbean (UNDP),,2014,0.11463439
Latin America and the Caribbean (UNDP),,2015,0.11240344
Latin America and the Caribbean (UNDP),,2016,0.11102701
Latin America and the Caribbean (UNDP),,2017,0.109253556
Latin America and the Caribbean (UNDP),,2018,0.10700797
Latin America and the Caribbean (UNDP),,2019,0.10458047
Latin America and the Caribbean (UNDP),,2020,0.10203788
Latin America and the Caribbean (UNDP),,2021,0.10254481
Latin America and the Caribbean (UNDP),,2022,0.100229464
Latin America and the Caribbean (UNDP),,2023,0.09754982
Latvia,LVA,2010,0.060292583
Latvia,LVA,2011,0.06463559
Latvia,LVA,2012,0.06270752
Latvia,LVA,2013,0.053970877
Latvia,LVA,2014,0.052275114
Latvia,LVA,2015,0.05110806
Latvia,LVA,2016,0.04955018
Latvia,LVA,2017,0.05094402
Latvia,LVA,2018,0.044966873
Latvia,LVA,2019,0.045962423
Latvia,LVA,2020,0.045440868
Latvia,LVA,2021,0.043008056
Latvia,LVA,2022,0.046100613
Latvia,LVA,2023,0.04217357
Lebanon,LBN,2010,0.085030586
Lebanon,LBN,2011,0.08394639
Lebanon,LBN,2012,0.083716564
Lebanon,LBN,2013,0.08444323
Lebanon,LBN,2014,0.085131146
Lebanon,LBN,2015,0.08605942
Lebanon,LBN,2016,0.08552532
Lebanon,LBN,2017,0.08795475
Lebanon,LBN,2018,0.089951575
Lebanon,LBN,2019,0.09299023
Lebanon,LBN,2020,0.11686294
Lebanon,LBN,2021,0.10554321
Lebanon,LBN,2022,0.10369611
Lebanon,LBN,2023,0.109415114
Lesotho,LSO,2010,0.34592837
Lesotho,LSO,2011,0.33913338
Lesotho,LSO,2012,0.33333424
Lesotho,LSO,2013,0.32733864
Lesotho,LSO,2014,0.32447198
Lesotho,LSO,2015,0.32107717
Lesotho,LSO,2016,0.31929168
Lesotho,LSO,2017,0.3161834
Lesotho,LSO,2018,0.313568
Lesotho,LSO,2019,0.31254712
Lesotho,LSO,2020,0.3122506
Lesotho,LSO,2021,0.30197072
Lesotho,LSO,2022,0.3038438
Lesotho,LSO,2023,0.29987556
Liberia,LBR,2010,0.36231473
Liberia,LBR,2011,0.35335532
Liberia,LBR,2012,0.347155
Liberia,LBR,2013,0.34207177
Liberia,LBR,2014,0.345728
Liberia,LBR,2015,0.34167182
Liberia,LBR,2016,0.32711577
Liberia,LBR,2017,0.32217193
Liberia,LBR,2018,0.3181039
Liberia,LBR,2019,0.31209037
Liberia,LBR,2020,0.30697665
Liberia,LBR,2021,0.3011901
Liberia,LBR,2022,0.29781953
Liberia,LBR,2023,0.29228926
Libya,LBY,2010,0.10608877
Libya,LBY,2011,0.12430283
Libya,LBY,2012,0.10039012
Libya,LBY,2013,0.097766705
Libya,LBY,2014,0.10299015
Libya,LBY,2015,0.09913629
Libya,LBY,2016,0.097104244
Libya,LBY,2017,0.09003738
Libya,LBY,2018,0.08589735
Libya,LBY,2019,0.08770552
Libya,LBY,2020,0.08243485
Libya,LBY,2021,0.07688799
Libya,LBY,2022,0.07406363
Libya,LBY,2023,0.1684383
Liechtenstein,LIE,2010,0.057415266
Liechtenstein,LIE,2011,0.056731578
Liechtenstein,LIE,2012,0.056142006
Liechtenstein,LIE,2013,0.05549431
Liechtenstein,LIE,2014,0.054681364
Liechtenstein,LIE,2015,0.053553004
Liechtenstein,LIE,2016,0.05279846
Liechtenstein,LIE,2017,0.05177444
Liechtenstein,LIE,2018,0.050992988
Liechtenstein,LIE,2019,0.05029288
Liechtenstein,LIE,2020,0.04966155
Liechtenstein,LIE,2021,0.049656328
Liechtenstein,LIE,2022,0.049364146
Liechtenstein,LIE,2023,0.049136825
Lithuania,LTU,2010,0.058889322
Lithuania,LTU,2011,0.058043275
Lithuania,LTU,2012,0.053337965
Lithuania,LTU,2013,0.051856503
Lithuania,LTU,2014,0.053513814
Lithuania,LTU,2015,0.053651735
Lithuania,LTU,2016,0.052865863
Lithuania,LTU,2017,0.043519408
Lithuania,LTU,2018,0.045759935
Lithuania,LTU,2019,0.043915085
Lithuania,LTU,2020,0.04104408
Lithuania,LTU,2021,0.043230906
Lithuania,LTU,2022,0.04566305
Lithuania,LTU,2023,0.041374292
Low human development (UNDP),,2010,0.34998548
Low human development (UNDP),,2011,0.34655535
Low human development (UNDP),,2012,0.3357132
Low human development (UNDP),,2013,0.32861328
Low human development (UNDP),,2014,0.32489997
Low human development (UNDP),,2015,0.31993848
Low human development (UNDP),,2016,0.31345448
Low human development (UNDP),,2017,0.3087575
Low human development (UNDP),,2018,0.29973698
Low human development (UNDP),,2019,0.29391673
Low human development (UNDP),,2020,0.28546956
Low human development (UNDP),,2021,0.2817609
Low human development (UNDP),,2022,0.2786382
Low human development (UNDP),,2023,0.27095422
Low-income countries,,2010,0.33378878
Low-income countries,,2011,0.3310746
Low-income countries,,2012,0.321544
Low-income countries,,2013,0.3143303
Low-income countries,,2014,0.31168294
Low-income countries,,2015,0.30717245
Low-income countries,,2016,0.30056265
Low-income countries,,2017,0.2960153
Low-income countries,,2018,0.28653443
Low-income countries,,2019,0.2796647
Low-income countries,,2020,0.2713245
Low-income countries,,2021,0.26778862
Low-income countries,,2022,0.26590836
Low-income countries,,2023,0.25794277
Lower-middle-income countries,,2010,0.26265723
Lower-middle-income countries,,2011,0.25545552
Lower-middle-income countries,,2012,0.2478581
Lower-middle-income countries,,2013,0.24161029
Lower-middle-income countries,,2014,0.2349458
Lower-middle-income countries,,2015,0.22823817
Lower-middle-income countries,,2016,0.2221612
Lower-middle-income countries,,2017,0.21670648
Lower-middle-income countries,,2018,0.2102729
Lower-middle-income countries,,2019,0.2053163
Lower-middle-income countries,,2020,0.19842672
Lower-middle-income countries,,2021,0.19421813
Lower-middle-income countries,,2022,0.18958715
Lower-middle-income countries,,2023,0.18561248
Luxembourg,LUX,2010,0.04347025
Luxembourg,LUX,2011,0.048143696
Luxembourg,LUX,2012,0.04088655
Luxembourg,LUX,2013,0.047198
Luxembourg,LUX,2014,0.0398621
Luxembourg,LUX,2015,0.041765463
Luxembourg,LUX,2016,0.044366308
Luxembourg,LUX,2017,0.043446854
Luxembourg,LUX,2018,0.045812134
Luxembourg,LUX,2019,0.05128713
Luxembourg,LUX,2020,0.048144832
Luxembourg,LUX,2021,0.04240763
Luxembourg,LUX,2022,0.043839835
Luxembourg,LUX,2023,0.048487123
Madagascar,MDG,2010,0.3007771
Madagascar,MDG,2011,0.29597312
Madagascar,MDG,2012,0.2925264
Madagascar,MDG,2013,0.29156935
Madagascar,MDG,2014,0.28950804
Madagascar,MDG,2015,0.28825736
Madagascar,MDG,2016,0.28733224
Madagascar,MDG,2017,0.28738943
Madagascar,MDG,2018,0.28708017
Madagascar,MDG,2019,0.28702992
Madagascar,MDG,2020,0.28520826
Madagascar,MDG,2021,0.28553563
Madagascar,MDG,2022,0.28584656
Madagascar,MDG,2023,0.2856607
Malawi,MWI,2010,0.3175051
Malawi,MWI,2011,0.3058314
Malawi,MWI,2012,0.29210547
Malawi,MWI,2013,0.2789842
Malawi,MWI,2014,0.26649752
Malawi,MWI,2015,0.25617677
Malawi,MWI,2016,0.2457813
Malawi,MWI,2017,0.2357532
Malawi,MWI,2018,0.22901578
Malawi,MWI,2019,0.22250348
Malawi,MWI,2020,0.21380772
Malawi,MWI,2021,0.20812468
Malawi,MWI,2022,0.20367703
Malawi,MWI,2023,0.19805479
Malaysia,MYS,2010,0.06359562
Malaysia,MYS,2011,0.06353972
Malaysia,MYS,2012,0.06342371
Malaysia,MYS,2013,0.06340522
Malaysia,MYS,2014,0.06331377
Malaysia,MYS,2015,0.063244395
Malaysia,MYS,2016,0.063141495
Malaysia,MYS,2017,0.06298839
Malaysia,MYS,2018,0.0627225
Malaysia,MYS,2019,0.062436994
Malaysia,MYS,2020,0.062072646
Malaysia,MYS,2021,0.062070046
Malaysia,MYS,2022,0.061551765
Malaysia,MYS,2023,0.06096085
Maldives,MDV,2010,0.08265566
Maldives,MDV,2011,0.07800574
Maldives,MDV,2012,0.072877206
Maldives,MDV,2013,0.06870219
Maldives,MDV,2014,0.064753704
Maldives,MDV,2015,0.061032828
Maldives,MDV,2016,0.057528876
Maldives,MDV,2017,0.05359491
Maldives,MDV,2018,0.050382935
Maldives,MDV,2019,0.04744588
Maldives,MDV,2020,0.04720768
Maldives,MDV,2021,0.042244267
Maldives,MDV,2022,0.039364863
Maldives,MDV,2023,0.03710912
Mali,MLI,2010,0.42308548
Mali,MLI,2011,0.41526422
Mali,MLI,2012,0.40928444
Mali,MLI,2013,0.40188295
Mali,MLI,2014,0.39584005
Mali,MLI,2015,0.39024103
Mali,MLI,2016,0.38275206
Mali,MLI,2017,0.3776886
Mali,MLI,2018,0.3709304
Mali,MLI,2019,0.36389896
Mali,MLI,2020,0.35733894
Mali,MLI,2021,0.35019463
Mali,MLI,2022,0.3477154
Mali,MLI,2023,0.34031928
Malta,MLT,2010,0.04964858
Malta,MLT,2011,0.05464823
Malta,MLT,2012,0.046570808
Malta,MLT,2013,0.051481385
Malta,MLT,2014,0.045225415
Malta,MLT,2015,0.04967737
Malta,MLT,2016,0.057225376
Malta,MLT,2017,0.05328565
Malta,MLT,2018,0.048229475
Malta,MLT,2019,0.05385998
Malta,MLT,2020,0.03919777
Malta,MLT,2021,0.038825408
Malta,MLT,2022,0.0550503
Malta,MLT,2023,0.051711574
Marshall Islands,MHL,2010,0.20499831
Marshall Islands,MHL,2011,0.20271303
Marshall Islands,MHL,2012,0.20005159
Marshall Islands,MHL,2013,0.19704115
Marshall Islands,MHL,2014,0.19572145
Marshall Islands,MHL,2015,0.1922785
Marshall Islands,MHL,2016,0.18862937
Marshall Islands,MHL,2017,0.18481153
Marshall Islands,MHL,2018,0.1827172
Marshall Islands,MHL,2019,0.1787024
Marshall Islands,MHL,2020,0.17367892
Marshall Islands,MHL,2021,0.17032999
Marshall Islands,MHL,2022,0.16827145
Marshall Islands,MHL,2023,0.16429001
Mauritania,MRT,2010,0.25162748
Mauritania,MRT,2011,0.24751957
Mauritania,MRT,2012,0.24214616
Mauritania,MRT,2013,0.23718713
Mauritania,MRT,2014,0.23362046
Mauritania,MRT,2015,0.22836915
Mauritania,MRT,2016,0.22304195
Mauritania,MRT,2017,0.21984391
Mauritania,MRT,2018,0.21430719
Mauritania,MRT,2019,0.21114191
Mauritania,MRT,2020,0.2050206
Mauritania,MRT,2021,0.20074858
Mauritania,MRT,2022,0.1982112
Mauritania,MRT,2023,0.19346395
Mauritius,MUS,2010,0.09598053
Mauritius,MUS,2011,0.096205205
Mauritius,MUS,2012,0.09517476
Mauritius,MUS,2013,0.097294204
Mauritius,MUS,2014,0.09627833
Mauritius,MUS,2015,0.096134834
Mauritius,MUS,2016,0.09375351
Mauritius,MUS,2017,0.0942564
Mauritius,MUS,2018,0.101374455
Mauritius,MUS,2019,0.103779346
Mauritius,MUS,2020,0.106595
Mauritius,MUS,2021,0.099127404
Mauritius,MUS,2022,0.09851903
Mauritius,MUS,2023,0.098254114
Medium human development (UNDP),,2010,0.273606
Medium human development (UNDP),,2011,0.2654694
Medium human development (UNDP),,2012,0.2576805
Medium human development (UNDP),,2013,0.25094178
Medium human development (UNDP),,2014,0.24363115
Medium human development (UNDP),,2015,0.23619065
Medium human development (UNDP),,2016,0.22949284
Medium human development (UNDP),,2017,0.223335
Medium human development (UNDP),,2018,0.21596155
Medium human development (UNDP),,2019,0.21021041
Medium human development (UNDP),,2020,0.20258692
Medium human development (UNDP),,2021,0.19783148
Medium human development (UNDP),,2022,0.19263436
Medium human development (UNDP),,2023,0.18824679
Mexico,MEX,2010,0.119383
Mexico,MEX,2011,0.11651784
Mexico,MEX,2012,0.11352983
Mexico,MEX,2013,0.11047924
Mexico,MEX,2014,0.10760304
Mexico,MEX,2015,0.10536674
Mexico,MEX,2016,0.10380143
Mexico,MEX,2017,0.10277061
Mexico,MEX,2018,0.10104272
Mexico,MEX,2019,0.0979042
Mexico,MEX,2020,0.096505366
Mexico,MEX,2021,0.09543764
Mexico,MEX,2022,0.095436156
Mexico,MEX,2023,0.08963871
Micronesia (country),FSM,2010,0.18753342
Micronesia (country),FSM,2011,0.18496697
Micronesia (country),FSM,2012,0.18198209
Micronesia (country),FSM,2013,0.1805896
Micronesia (country),FSM,2014,0.1771425
Micronesia (country),FSM,2015,0.17565614
Micronesia (country),FSM,2016,0.16984671
Micronesia (country),FSM,2017,0.1678391
Micronesia (country),FSM,2018,0.16399236
Micronesia (country),FSM,2019,0.15833943
Micronesia (country),FSM,2020,0.15373267
Micronesia (country),FSM,2021,0.15057199
Micronesia (country),FSM,2022,0.14714754
Micronesia (country),FSM,2023,0.14362006
Moldova,MDA,2010,0.10753513
Moldova,MDA,2011,0.10554859
Moldova,MDA,2012,0.103939235
Moldova,MDA,2013,0.10279791
Moldova,MDA,2014,0.10177673
Moldova,MDA,2015,0.10100677
Moldova,MDA,2016,0.10010793
Moldova,MDA,2017,0.09918122
Moldova,MDA,2018,0.09799167
Moldova,MDA,2019,0.09715241
Moldova,MDA,2020,0.09487928
Moldova,MDA,2021,0.09217539
Moldova,MDA,2022,0.091239154
Moldova,MDA,2023,0.09071057
Monaco,MCO,2010,0.0443254
Monaco,MCO,2011,0.04263166
Monaco,MCO,2012,0.0422758
Monaco,MCO,2013,0.042037968
Monaco,MCO,2014,0.04172855
Monaco,MCO,2015,0.040707387
Monaco,MCO,2016,0.04017509
Monaco,MCO,2017,0.039204165
Monaco,MCO,2018,0.038410984
Monaco,MCO,2019,0.03814228
Monaco,MCO,2020,0.037383378
Monaco,MCO,2021,0.037246004
Monaco,MCO,2022,0.03713226
Monaco,MCO,2023,0.037302773
Mongolia,MNG,2010,0.1568539
Mongolia,MNG,2011,0.14822206
Mongolia,MNG,2012,0.14095914
Mongolia,MNG,2013,0.13381809
Mongolia,MNG,2014,0.12733018
Mongolia,MNG,2015,0.12061657
Mongolia,MNG,2016,0.11534064
Mongolia,MNG,2017,0.11054324
Mongolia,MNG,2018,0.1056823
Mongolia,MNG,2019,0.102345854
Mongolia,MNG,2020,0.10335773
Mongolia,MNG,2021,0.09935247
Mongolia,MNG,2022,0.09078282
Mongolia,MNG,2023,0.08787387
Montenegro,MNE,2010,0.054099016
Montenegro,MNE,2011,0.050572094
Montenegro,MNE,2012,0.049880374
Montenegro,MNE,2013,0.045966636
Montenegro,MNE,2014,0.044911675
Montenegro,MNE,2015,0.035768688
Montenegro,MNE,2016,0.041725095
Montenegro,MNE,2017,0.03384302
Montenegro,MNE,2018,0.032610603
Montenegro,MNE,2019,0.037328698
Montenegro,MNE,2020,0.038261253
Montenegro,MNE,2021,0.032852016
Montenegro,MNE,2022,0.044100285
Montenegro,MNE,2023,0.03340312
Morocco,MAR,2010,0.16546959
Morocco,MAR,2011,0.15961833
Morocco,MAR,2012,0.15264788
Morocco,MAR,2013,0.14522463
Morocco,MAR,2014,0.1402872
Morocco,MAR,2015,0.1341934
Morocco,MAR,2016,0.12888373
Morocco,MAR,2017,0.125339
Morocco,MAR,2018,0.12075422
Morocco,MAR,2019,0.116803385
Morocco,MAR,2020,0.112576835
Morocco,MAR,2021,0.109639496
Morocco,MAR,2022,0.10722471
Morocco,MAR,2023,0.10629597
Mozambique,MOZ,2010,0.36792263
Mozambique,MOZ,2011,0.3584205
Mozambique,MOZ,2012,0.34929395
Mozambique,MOZ,2013,0.34085315
Mozambique,MOZ,2014,0.33236876
Mozambique,MOZ,2015,0.32479066
Mozambique,MOZ,2016,0.3155425
Mozambique,MOZ,2017,0.30868188
Mozambique,MOZ,2018,0.30279142
Mozambique,MOZ,2019,0.2961971
Mozambique,MOZ,2020,0.28962687
Mozambique,MOZ,2021,0.28264892
Mozambique,MOZ,2022,0.27967596
Mozambique,MOZ,2023,0.2731526
Myanmar,MMR,2010,0.27685878
Myanmar,MMR,2011,0.27063772
Myanmar,MMR,2012,0.26240012
Myanmar,MMR,2013,0.25632656
Myanmar,MMR,2014,0.2486423
Myanmar,MMR,2015,0.24369137
Myanmar,MMR,2016,0.23657303
Myanmar,MMR,2017,0.23222117
Myanmar,MMR,2018,0.22552809
Myanmar,MMR,2019,0.21981204
Myanmar,MMR,2020,0.2148676
Myanmar,MMR,2021,0.2124629
Myanmar,MMR,2022,0.20919174
Myanmar,MMR,2023,0.20466761
Namibia,NAM,2010,0.24770403
Namibia,NAM,2011,0.24509022
Namibia,NAM,2012,0.23712075
Namibia,NAM,2013,0.23504972
Namibia,NAM,2014,0.23097326
Namibia,NAM,2015,0.22706066
Namibia,NAM,2016,0.22283909
Namibia,NAM,2017,0.2204898
Namibia,NAM,2018,0.21624127
Namibia,NAM,2019,0.21168488
Namibia,NAM,2020,0.20486683
Namibia,NAM,2021,0.20049602
Namibia,NAM,2022,0.19685273
Namibia,NAM,2023,0.19247282
Nauru,NRU,2010,0.20849077
Nauru,NRU,2011,0.20605823
Nauru,NRU,2012,0.20331676
Nauru,NRU,2013,0.20018402
Nauru,NRU,2014,0.19699112
Nauru,NRU,2015,0.19557816
Nauru,NRU,2016,0.19218266
Nauru,NRU,2017,0.1887615
Nauru,NRU,2018,0.1852817
Nauru,NRU,2019,0.18181966
Nauru,NRU,2020,0.18004395
Nauru,NRU,2021,0.17407978
Nauru,NRU,2022,0.17144884
Nauru,NRU,2023,0.1682043
Nepal,NPL,2010,0.22866462
Nepal,NPL,2011,0.220897
Nepal,NPL,2012,0.21561767
Nepal,NPL,2013,0.2089796
Nepal,NPL,2014,0.2023329
Nepal,NPL,2015,0.20518394
Nepal,NPL,2016,0.18862516
Nepal,NPL,2017,0.1836251
Nepal,NPL,2018,0.17661986
Nepal,NPL,2019,0.17085809
Nepal,NPL,2020,0.16698116
Nepal,NPL,2021,0.1614612
Nepal,NPL,2022,0.15564045
Nepal,NPL,2023,0.1497247
Netherlands,NLD,2010,0.03706266
Netherlands,NLD,2011,0.03571118
Netherlands,NLD,2012,0.036357112
Netherlands,NLD,2013,0.035881486
Netherlands,NLD,2014,0.035660736
Netherlands,NLD,2015,0.033062708
Netherlands,NLD,2016,0.03435571
Netherlands,NLD,2017,0.0346965
Netherlands,NLD,2018,0.0337971
Netherlands,NLD,2019,0.0349285
Netherlands,NLD,2020,0.03544004
Netherlands,NLD,2021,0.033818297
Netherlands,NLD,2022,0.033547208
Netherlands,NLD,2023,0.03303122
New Zealand,NZL,2010,0.047791556
New Zealand,NZL,2011,0.04526745
New Zealand,NZL,2012,0.043153368
New Zealand,NZL,2013,0.04264073
New Zealand,NZL,2014,0.04892692
New Zealand,NZL,2015,0.04216356
New Zealand,NZL,2016,0.038256563
New Zealand,NZL,2017,0.040435445
New Zealand,NZL,2018,0.03953327
New Zealand,NZL,2019,0.04459979
New Zealand,NZL,2020,0.039360564
New Zealand,NZL,2021,0.043998975
New Zealand,NZL,2022,0.04855556
New Zealand,NZL,2023,0.043937903
Nicaragua,NIC,2010,0.14085877
Nicaragua,NIC,2011,0.13557176
Nicaragua,NIC,2012,0.13085043
Nicaragua,NIC,2013,0.12741597
Nicaragua,NIC,2014,0.121717215
Nicaragua,NIC,2015,0.11836824
Nicaragua,NIC,2016,0.11467764
Nicaragua,NIC,2017,0.111233756
Nicaragua,NIC,2018,0.108792685
Nicaragua,NIC,2019,0.10586252
Nicaragua,NIC,2020,0.100662746
Nicaragua,NIC,2021,0.100038335
Nicaragua,NIC,2022,0.097067185
Nicaragua,NIC,2023,0.09413022
Niger,NER,2010,0.42027622
Niger,NER,2011,0.41471946
Niger,NER,2012,0.40944526
Niger,NER,2013,0.4048369
Niger,NER,2014,0.40286714
Niger,NER,2015,0.40014112
Niger,NER,2016,0.3970752
Niger,NER,2017,0.3943348
Niger,NER,2018,0.39158645
Niger,NER,2019,0.38856286
Niger,NER,2020,0.3859583
Niger,NER,2021,0.38306567
Niger,NER,2022,0.3798321
Niger,NER,2023,0.3766274
Nigeria,NGA,2010,0.4404755
Nigeria,NGA,2011,0.4361146
Nigeria,NGA,2012,0.4338556
Nigeria,NGA,2013,0.4303756
Nigeria,NGA,2014,0.4274206
Nigeria,NGA,2015,0.4243197
Nigeria,NGA,2016,0.4219954
Nigeria,NGA,2017,0.41796857
Nigeria,NGA,2018,0.41314498
Nigeria,NGA,2019,0.40913475
Nigeria,NGA,2020,0.40185165
Nigeria,NGA,2021,0.39783037
Nigeria,NGA,2022,0.39148304
Nigeria,NGA,2023,0.38635254
North America,,2010,0.08760321
North America,,2011,0.08379961
North America,,2012,0.0824042
North America,,2013,0.08130756
North America,,2014,0.08008147
North America,,2015,0.079772055
North America,,2016,0.07976168
North America,,2017,0.07873991
North America,,2018,0.07749939
North America,,2019,0.07625963
North America,,2020,0.07575943
North America,,2021,0.07788503
North America,,2022,0.07552414
North America,,2023,0.072208144
North Korea,PRK,2010,0.16444992
North Korea,PRK,2011,0.1564403
North Korea,PRK,2012,0.14979081
North Korea,PRK,2013,0.14274114
North Korea,PRK,2014,0.13593763
North Korea,PRK,2015,0.13025568
North Korea,PRK,2016,0.12564223
North Korea,PRK,2017,0.11982226
North Korea,PRK,2018,0.117016956
North Korea,PRK,2019,0.11510557
North Korea,PRK,2020,0.11359279
North Korea,PRK,2021,0.11239022
North Korea,PRK,2022,0.11347649
North Korea,PRK,2023,0.114561155
North Macedonia,MKD,2010,0.059640072
North Macedonia,MKD,2011,0.057633504
North Macedonia,MKD,2012,0.07091262
North Macedonia,MKD,2013,0.0723876
North Macedonia,MKD,2014,0.07071368
North Macedonia,MKD,2015,0.06457671
North Macedonia,MKD,2016,0.08088772
North Macedonia,MKD,2017,0.06544495
North Macedonia,MKD,2018,0.048377596
North Macedonia,MKD,2019,0.047890235
North Macedonia,MKD,2020,0.048702184
North Macedonia,MKD,2021,0.044990312
North Macedonia,MKD,2022,0.03252631
North Macedonia,MKD,2023,0.043008707
Norway,NOR,2010,0.033238597
Norway,NOR,2011,0.031261824
Norway,NOR,2012,0.030593872
Norway,NOR,2013,0.030137215
Norway,NOR,2014,0.02947013
Norway,NOR,2015,0.028500415
Norway,NOR,2016,0.02749631
Norway,NOR,2017,0.02794563
Norway,NOR,2018,0.027590849
Norway,NOR,2019,0.027137406
Norway,NOR,2020,0.024916332
Norway,NOR,2021,0.025184127
Norway,NOR,2022,0.025314244
Norway,NOR,2023,0.024453493
Oceania,,2010,0.09432862
Oceania,,2011,0.09225045
Oceania,,2012,0.08979409
Oceania,,2013,0.090206236
Oceania,,2014,0.08928107
Oceania,,2015,0.08696186
Oceania,,2016,0.08567347
Oceania,,2017,0.0858849
Oceania,,2018,0.08447858
Oceania,,2019,0.084562555
Oceania,,2020,0.08209105
Oceania,,2021,0.08308966
Oceania,,2022,0.080632284
Oceania,,2023,0.07777649
Oman,OMN,2010,0.077952035
Oman,OMN,2011,0.07702142
Oman,OMN,2012,0.0762248
Oman,OMN,2013,0.07530306
Oman,OMN,2014,0.07430742
Oman,OMN,2015,0.07330386
Oman,OMN,2016,0.0723095
Oman,OMN,2017,0.071331196
Oman,OMN,2018,0.07036502
Oman,OMN,2019,0.069461934
Oman,OMN,2020,0.06824507
Oman,OMN,2021,0.06974691
Oman,OMN,2022,0.066443786
Oman,OMN,2023,0.06612584
Pakistan,PAK,2010,0.33146667
Pakistan,PAK,2011,0.32694462
Pakistan,PAK,2012,0.3208866
Pakistan,PAK,2013,0.31663612
Pakistan,PAK,2014,0.31022733
Pakistan,PAK,2015,0.30562133
Pakistan,PAK,2016,0.29865727
Pakistan,PAK,2017,0.29381436
Pakistan,PAK,2018,0.28706983
Pakistan,PAK,2019,0.28236338
Pakistan,PAK,2020,0.27428746
Pakistan,PAK,2021,0.27042067
Pakistan,PAK,2022,0.26505253
Pakistan,PAK,2023,0.2604184
Palau,PLW,2010,0.12830174
Palau,PLW,2011,0.12753676
Palau,PLW,2012,0.12758423
Palau,PLW,2013,0.12846273
Palau,PLW,2014,0.13145746
Palau,PLW,2015,0.13358134
Palau,PLW,2016,0.13558012
Palau,PLW,2017,0.13736083
Palau,PLW,2018,0.13863835
Palau,PLW,2019,0.13917564
Palau,PLW,2020,0.13929683
Palau,PLW,2021,0.13842478
Palau,PLW,2022,0.13703987
Palau,PLW,2023,0.13567133
Palestine,PSE,2010,0.12751326
Palestine,PSE,2011,0.12567705
Palestine,PSE,2012,0.122939
Palestine,PSE,2013,0.11830019
Palestine,PSE,2014,0.13163441
Palestine,PSE,2015,0.11269344
Palestine,PSE,2016,0.10865179
Palestine,PSE,2017,0.10664564
Palestine,PSE,2018,0.10509383
Palestine,PSE,2019,0.10060401
Palestine,PSE,2020,0.09684262
Palestine,PSE,2021,0.09677261
Palestine,PSE,2022,0.09296924
Palestine,PSE,2023,0.1818208
Panama,PAN,2010,0.11564061
Panama,PAN,2011,0.11369493
Panama,PAN,2012,0.11200421
Panama,PAN,2013,0.1103849
Panama,PAN,2014,0.10980644
Panama,PAN,2015,0.10646932
Panama,PAN,2016,0.104772136
Panama,PAN,2017,0.105083354
Panama,PAN,2018,0.10697374
Panama,PAN,2019,0.107876755
Panama,PAN,2020,0.087123826
Panama,PAN,2021,0.090724975
Panama,PAN,2022,0.10236451
Panama,PAN,2023,0.10057623
Papua New Guinea,PNG,2010,0.26114902
Papua New Guinea,PNG,2011,0.2559678
Papua New Guinea,PNG,2012,0.25152686
Papua New Guinea,PNG,2013,0.24816716
Papua New Guinea,PNG,2014,0.24324855
Papua New Guinea,PNG,2015,0.2383803
Papua New Guinea,PNG,2016,0.23507127
Papua New Guinea,PNG,2017,0.22996993
Papua New Guinea,PNG,2018,0.22720937
Papua New Guinea,PNG,2019,0.22156605
Papua New Guinea,PNG,2020,0.21508099
Papua New Guinea,PNG,2021,0.21223298
Papua New Guinea,PNG,2022,0.2070638
Papua New Guinea,PNG,2023,0.20238706
Paraguay,PRY,2010,0.1465927
Paraguay,PRY,2011,0.14349517
Paraguay,PRY,2012,0.13996498
Paraguay,PRY,2013,0.13672099
Paraguay,PRY,2014,0.13362448
Paraguay,PRY,2015,0.1306101
Paraguay,PRY,2016,0.12745075
Paraguay,PRY,2017,0.12436076
Paraguay,PRY,2018,0.12021303
Paraguay,PRY,2019,0.11783933
Paraguay,PRY,2020,0.11410453
Paraguay,PRY,2021,0.111146286
Paraguay,PRY,2022,0.10906011
Paraguay,PRY,2023,0.10634498
Peru,PER,2010,0.12625015
Peru,PER,2011,0.122066565
Peru,PER,2012,0.11885899
Peru,PER,2013,0.11562887
Peru,PER,2014,0.11293804
Peru,PER,2015,0.110406525
Peru,PER,2016,0.108384304
Peru,PER,2017,0.10704572
Peru,PER,2018,0.1054724
Peru,PER,2019,0.10238812
Peru,PER,2020,0.09991227
Peru,PER,2021,0.09987153
Peru,PER,2022,0.09588619
Peru,PER,2023,0.09660994
Philippines,PHL,2010,0.16330598
Philippines,PHL,2011,0.16112255
Philippines,PHL,2012,0.15913634
Philippines,PHL,2013,0.15599488
Philippines,PHL,2014,0.15459022
Philippines,PHL,2015,0.1540396
Philippines,PHL,2016,0.15382463
Philippines,PHL,2017,0.15224546
Philippines,PHL,2018,0.15313643
Philippines,PHL,2019,0.15292718
Philippines,PHL,2020,0.15081556
Philippines,PHL,2021,0.1505653
Philippines,PHL,2022,0.1507245
Philippines,PHL,2023,0.14965029
Poland,POL,2010,0.050930876
Poland,POL,2011,0.04935288
Poland,POL,2012,0.048592955
Poland,POL,2013,0.047719423
Poland,POL,2014,0.046334792
Poland,POL,2015,0.04532894
Poland,POL,2016,0.044710096
Poland,POL,2017,0.04459075
Poland,POL,2018,0.04353778
Poland,POL,2019,0.043134138
Poland,POL,2020,0.04187327
Poland,POL,2021,0.044229325
Poland,POL,2022,0.04059095
Poland,POL,2023,0.03922646
Portugal,PRT,2010,0.034875516
Portugal,PRT,2011,0.03659301
Portugal,PRT,2012,0.03696025
Portugal,PRT,2013,0.034484986
Portugal,PRT,2014,0.034225553
Portugal,PRT,2015,0.034329407
Portugal,PRT,2016,0.035270214
Portugal,PRT,2017,0.032429215
Portugal,PRT,2018,0.036174677
Portugal,PRT,2019,0.03367251
Portugal,PRT,2020,0.030995198
Portugal,PRT,2021,0.031070525
Portugal,PRT,2022,0.03598732
Portugal,PRT,2023,0.031296957
Qatar,QAT,2010,0.06205259
Qatar,QAT,2011,0.06053766
Qatar,QAT,2012,0.058868967
Qatar,QAT,2013,0.056495357
Qatar,QAT,2014,0.05455922
Qatar,QAT,2015,0.052522726
Qatar,QAT,2016,0.050364908
Qatar,QAT,2017,0.04816314
Qatar,QAT,2018,0.045955926
Qatar,QAT,2019,0.04385928
Qatar,QAT,2020,0.04049793
Qatar,QAT,2021,0.040241223
Qatar,QAT,2022,0.038787138
Qatar,QAT,2023,0.036898345
Romania,ROU,2010,0.083831586
Romania,ROU,2011,0.077733375
Romania,ROU,2012,0.07796696
Romania,ROU,2013,0.073820874
Romania,ROU,2014,0.07141212
Romania,ROU,2015,0.06621543
Romania,ROU,2016,0.061486024
Romania,ROU,2017,0.059932776
Romania,ROU,2018,0.05647191
Romania,ROU,2019,0.05503051
Romania,ROU,2020,0.05346954
Romania,ROU,2021,0.053313762
Romania,ROU,2022,0.05297707
Romania,ROU,2023,0.049229335
Russia,RUS,2010,0.091116555
Russia,RUS,2011,0.08181796
Russia,RUS,2012,0.08667105
Russia,RUS,2013,0.082477786
Russia,RUS,2014,0.079031326
Russia,RUS,2015,0.072289266
Russia,RUS,2016,0.067844555
Russia,RUS,2017,0.063213795
Russia,RUS,2018,0.06089056
Russia,RUS,2019,0.05952232
Russia,RUS,2020,0.058120523
Russia,RUS,2021,0.056823045
Russia,RUS,2022,0.055828646
Russia,RUS,2023,0.0567807
Rwanda,RWA,2010,0.27525833
Rwanda,RWA,2011,0.26209724
Rwanda,RWA,2012,0.24933466
Rwanda,RWA,2013,0.2397659
Rwanda,RWA,2014,0.23209247
Rwanda,RWA,2015,0.22410817
Rwanda,RWA,2016,0.21972153
Rwanda,RWA,2017,0.21417232
Rwanda,RWA,2018,0.20952311
Rwanda,RWA,2019,0.20647262
Rwanda,RWA,2020,0.20217152
Rwanda,RWA,2021,0.1966567
Rwanda,RWA,2022,0.19382498
Rwanda,RWA,2023,0.1888508
Saint Kitts and Nevis,KNA,2010,0.1146057
Saint Kitts and Nevis,KNA,2011,0.11464154
Saint Kitts and Nevis,KNA,2012,0.114731185
Saint Kitts and Nevis,KNA,2013,0.11471961
Saint Kitts and Nevis,KNA,2014,0.11448452
Saint Kitts and Nevis,KNA,2015,0.11382346
Saint Kitts and Nevis,KNA,2016,0.11279172
Saint Kitts and Nevis,KNA,2017,0.111393124
Saint Kitts and Nevis,KNA,2018,0.11024047
Saint Kitts and Nevis,KNA,2019,0.10763645
Saint Kitts and Nevis,KNA,2020,0.10578121
Saint Kitts and Nevis,KNA,2021,0.10304956
Saint Kitts and Nevis,KNA,2022,0.10107963
Saint Kitts and Nevis,KNA,2023,0.09915138
Saint Lucia,LCA,2010,0.11299733
Saint Lucia,LCA,2011,0.108511575
Saint Lucia,LCA,2012,0.10861533
Saint Lucia,LCA,2013,0.111515805
Saint Lucia,LCA,2014,0.10893681
Saint Lucia,LCA,2015,0.10818774
Saint Lucia,LCA,2016,0.10866676
Saint Lucia,LCA,2017,0.10825232
Saint Lucia,LCA,2018,0.10769762
Saint Lucia,LCA,2019,0.10848426
Saint Lucia,LCA,2020,0.10812459
Saint Lucia,LCA,2021,0.106794626
Saint Lucia,LCA,2022,0.106724426
Saint Lucia,LCA,2023,0.10625198
Saint Vincent and the Grenadines,VCT,2010,0.13938975
Saint Vincent and the Grenadines,VCT,2011,0.13435005
Saint Vincent and the Grenadines,VCT,2012,0.12979595
Saint Vincent and the Grenadines,VCT,2013,0.12883587
Saint Vincent and the Grenadines,VCT,2014,0.12093009
Saint Vincent and the Grenadines,VCT,2015,0.11927568
Saint Vincent and the Grenadines,VCT,2016,0.11141446
Saint Vincent and the Grenadines,VCT,2017,0.105373584
Saint Vincent and the Grenadines,VCT,2018,0.104147986
Saint Vincent and the Grenadines,VCT,2019,0.10179689
Saint Vincent and the Grenadines,VCT,2020,0.11487552
Saint Vincent and the Grenadines,VCT,2021,0.120639585
Saint Vincent and the Grenadines,VCT,2022,0.10323122
Saint Vincent and the Grenadines,VCT,2023,0.10302907
Samoa,WSM,2010,0.117555715
Samoa,WSM,2011,0.11743073
Samoa,WSM,2012,0.12015691
Samoa,WSM,2013,0.11690238
Samoa,WSM,2014,0.11648538
Samoa,WSM,2015,0.11596578
Samoa,WSM,2016,0.1152576
Samoa,WSM,2017,0.114271544
Samoa,WSM,2018,0.112953775
Samoa,WSM,2019,0.123243734
Samoa,WSM,2020,0.111509725
Samoa,WSM,2021,0.107459724
Samoa,WSM,2022,0.105242446
Samoa,WSM,2023,0.10315632
San Marino,SMR,2010,0.025106056
San Marino,SMR,2011,0.024221402
San Marino,SMR,2012,0.023377547
San Marino,SMR,2013,0.022597084
San Marino,SMR,2014,0.021935511
San Marino,SMR,2015,0.021302596
San Marino,SMR,2016,0.020752875
San Marino,SMR,2017,0.02022511
San Marino,SMR,2018,0.019739782
San Marino,SMR,2019,0.019304682
San Marino,SMR,2020,0.022685615
San Marino,SMR,2021,0.019701108
San Marino,SMR,2022,0.018151904
San Marino,SMR,2023,0.017880732
Sao Tome and Principe,STP,2010,0.1967568
Sao Tome and Principe,STP,2011,0.18722898
Sao Tome and Principe,STP,2012,0.1780008
Sao Tome and Principe,STP,2013,0.16922534
Sao Tome and Principe,STP,2014,0.1573756
Sao Tome and Principe,STP,2015,0.148071
Sao Tome and Principe,STP,2016,0.13958135
Sao Tome and Principe,STP,2017,0.13073201
Sao Tome and Principe,STP,2018,0.12398991
Sao Tome and Principe,STP,2019,0.11811529
Sao Tome and Principe,STP,2020,0.11176862
Sao Tome and Principe,STP,2021,0.111105055
Sao Tome and Principe,STP,2022,0.10416694
Sao Tome and Principe,STP,2023,0.098892935
Saudi Arabia,SAU,2010,0.082858115
Saudi Arabia,SAU,2011,0.07934971
Saudi Arabia,SAU,2012,0.07603262
Saudi Arabia,SAU,2013,0.072860725
Saudi Arabia,SAU,2014,0.06986734
Saudi Arabia,SAU,2015,0.06705847
Saudi Arabia,SAU,2016,0.063915096
Saudi Arabia,SAU,2017,0.061401524
Saudi Arabia,SAU,2018,0.05896235
Saudi Arabia,SAU,2019,0.056677002
Saudi Arabia,SAU,2020,0.054688767
Saudi Arabia,SAU,2021,0.053067617
Saudi Arabia,SAU,2022,0.051918883
Saudi Arabia,SAU,2023,0.051418737
Senegal,SEN,2010,0.2748945
Senegal,SEN,2011,0.26382816
Senegal,SEN,2012,0.25563917
Senegal,SEN,2013,0.2459234
Senegal,SEN,2014,0.23853588
Senegal,SEN,2015,0.22934029
Senegal,SEN,2016,0.22296546
Senegal,SEN,2017,0.21486618
Senegal,SEN,2018,0.2073267
Senegal,SEN,2019,0.20213549
Senegal,SEN,2020,0.19459482
Senegal,SEN,2021,0.18924393
Senegal,SEN,2022,0.18539988
Senegal,SEN,2023,0.179892
Serbia,SRB,2010,0.057197012
Serbia,SRB,2011,0.05533454
Serbia,SRB,2012,0.054216195
Serbia,SRB,2013,0.05329364
Serbia,SRB,2014,0.05212747
Serbia,SRB,2015,0.04990671
Serbia,SRB,2016,0.04808452
Serbia,SRB,2017,0.046433836
Serbia,SRB,2018,0.046939973
Serbia,SRB,2019,0.046232466
Serbia,SRB,2020,0.046657983
Serbia,SRB,2021,0.04600108
Serbia,SRB,2022,0.04104607
Serbia,SRB,2023,0.042467717
Seychelles,SYC,2010,0.091670625
Seychelles,SYC,2011,0.091981985
Seychelles,SYC,2012,0.09252188
Seychelles,SYC,2013,0.093322955
Seychelles,SYC,2014,0.094201714
Seychelles,SYC,2015,0.09500319
Seychelles,SYC,2016,0.09549823
Seychelles,SYC,2017,0.09658322
Seychelles,SYC,2018,0.09708714
Seychelles,SYC,2019,0.09744844
Seychelles,SYC,2020,0.0994977
Seychelles,SYC,2021,0.09875233
Seychelles,SYC,2022,0.09835498
Seychelles,SYC,2023,0.09288946
Sierra Leone,SLE,2010,0.48455733
Sierra Leone,SLE,2011,0.47287732
Sierra Leone,SLE,2012,0.46172193
Sierra Leone,SLE,2013,0.44953275
Sierra Leone,SLE,2014,0.44276536
Sierra Leone,SLE,2015,0.43054926
Sierra Leone,SLE,2016,0.41549978
Sierra Leone,SLE,2017,0.40670907
Sierra Leone,SLE,2018,0.39358795
Sierra Leone,SLE,2019,0.3837972
Sierra Leone,SLE,2020,0.37331408
Sierra Leone,SLE,2021,0.3660462
Sierra Leone,SLE,2022,0.3586755
Sierra Leone,SLE,2023,0.35123146
Singapore,SGP,2010,0.029583344
Singapore,SGP,2011,0.029291602
Singapore,SGP,2012,0.02899753
Singapore,SGP,2013,0.028564239
Singapore,SGP,2014,0.027989456
Singapore,SGP,2015,0.02739821
Singapore,SGP,2016,0.02712035
Singapore,SGP,2017,0.026782358
Singapore,SGP,2018,0.026162153
Singapore,SGP,2019,0.025513988
Singapore,SGP,2020,0.026891181
Singapore,SGP,2021,0.02646773
Singapore,SGP,2022,0.02855101
Singapore,SGP,2023,0.026238644
Slovakia,SVK,2010,0.05317931
Slovakia,SVK,2011,0.04987483
Slovakia,SVK,2012,0.052569903
Slovakia,SVK,2013,0.050939437
Slovakia,SVK,2014,0.052450042
Slovakia,SVK,2015,0.05032356
Slovakia,SVK,2016,0.050026417
Slovakia,SVK,2017,0.045675006
Slovakia,SVK,2018,0.04835003
Slovakia,SVK,2019,0.049042124
Slovakia,SVK,2020,0.048019662
Slovakia,SVK,2021,0.047330547
Slovakia,SVK,2022,0.048126496
Slovakia,SVK,2023,0.045653444
Slovenia,SVN,2010,0.034076355
Slovenia,SVN,2011,0.03231066
Slovenia,SVN,2012,0.03241059
Slovenia,SVN,2013,0.02966582
Slovenia,SVN,2014,0.029587038
Slovenia,SVN,2015,0.028032092
Slovenia,SVN,2016,0.028383292
Slovenia,SVN,2017,0.02819737
Slovenia,SVN,2018,0.02668905
Slovenia,SVN,2019,0.028435854
Slovenia,SVN,2020,0.026458835
Slovenia,SVN,2021,0.02654747
Slovenia,SVN,2022,0.03071377
Slovenia,SVN,2023,0.026241763
Solomon Islands,SLB,2010,0.15541263
Solomon Islands,SLB,2011,0.15196891
Solomon Islands,SLB,2012,0.14875205
Solomon Islands,SLB,2013,0.1466854
Solomon Islands,SLB,2014,0.1482409
Solomon Islands,SLB,2015,0.13973768
Solomon Islands,SLB,2016,0.13743116
Solomon Islands,SLB,2017,0.13415793
Solomon Islands,SLB,2018,0.13092366
Solomon Islands,SLB,2019,0.12769672
Solomon Islands,SLB,2020,0.1276361
Solomon Islands,SLB,2021,0.122066595
Solomon Islands,SLB,2022,0.11894516
Solomon Islands,SLB,2023,0.117709115
Somalia,SOM,2010,0.5101398
Somalia,SOM,2011,0.69515765
Somalia,SOM,2012,0.50832295
Somalia,SOM,2013,0.44225997
Somalia,SOM,2014,0.43526825
Somalia,SOM,2015,0.42835942
Somalia,SOM,2016,0.4214989
Somalia,SOM,2017,0.46748438
Somalia,SOM,2018,0.43351007
Somalia,SOM,2019,0.3987803
Somalia,SOM,2020,0.38910457
Somalia,SOM,2021,0.3811925
Somalia,SOM,2022,0.44636494
Somalia,SOM,2023,0.37214574
South Africa,ZAF,2010,0.25260514
South Africa,ZAF,2011,0.21932623
South Africa,ZAF,2012,0.21726152
South Africa,ZAF,2013,0.21752295
South Africa,ZAF,2014,0.21341638
South Africa,ZAF,2015,0.20655252
South Africa,ZAF,2016,0.1964772
South Africa,ZAF,2017,0.18534757
South Africa,ZAF,2018,0.19275175
South Africa,ZAF,2019,0.19877677
South Africa,ZAF,2020,0.1694489
South Africa,ZAF,2021,0.19277313
South Africa,ZAF,2022,0.20898873
South Africa,ZAF,2023,0.1983157
South America,,2010,0.1205394
South America,,2011,0.117662944
South America,,2012,0.114811145
South America,,2013,0.112268336
South America,,2014,0.110169046
South America,,2015,0.10793096
South America,,2016,0.10666113
South America,,2017,0.10498931
South America,,2018,0.102585495
South America,,2019,0.10032872
South America,,2020,0.09790521
South America,,2021,0.0987052
South America,,2022,0.09598588
South America,,2023,0.09415827
South Asia (UNDP),,2010,0.2557163
South Asia (UNDP),,2011,0.24803603
South Asia (UNDP),,2012,0.23908791
South Asia (UNDP),,2013,0.23201543
South Asia (UNDP),,2014,0.22425513
South Asia (UNDP),,2015,0.21614219
South Asia (UNDP),,2016,0.2087081
South Asia (UNDP),,2017,0.20220013
South Asia (UNDP),,2018,0.19424883
South Asia (UNDP),,2019,0.18846942
South Asia (UNDP),,2020,0.18020774
South Asia (UNDP),,2021,0.17546286
South Asia (UNDP),,2022,0.1698004
South Asia (UNDP),,2023,0.16503878
South Korea,KOR,2010,0.035769828
South Korea,KOR,2011,0.034640536
South Korea,KOR,2012,0.033462323
South Korea,KOR,2013,0.032389563
South Korea,KOR,2014,0.031459704
South Korea,KOR,2015,0.030564101
South Korea,KOR,2016,0.029648764
South Korea,KOR,2017,0.028795071
South Korea,KOR,2018,0.02808244
South Korea,KOR,2019,0.027260825
South Korea,KOR,2020,0.02946652
South Korea,KOR,2021,0.028164465
South Korea,KOR,2022,0.027545013
South Korea,KOR,2023,0.024575023
South Sudan,SSD,2010,0.38886088
South Sudan,SSD,2011,0.3836525
South Sudan,SSD,2012,0.3754548
South Sudan,SSD,2013,0.37364578
South Sudan,SSD,2014,0.51203364
South Sudan,SSD,2015,0.58316284
South Sudan,SSD,2016,0.6120136
South Sudan,SSD,2017,0.6264193
South Sudan,SSD,2018,0.44584778
South Sudan,SSD,2019,0.36579558
South Sudan,SSD,2020,0.36466298
South Sudan,SSD,2021,0.36534578
South Sudan,SSD,2022,0.36663237
South Sudan,SSD,2023,0.3667041
Spain,ESP,2010,0.03435075
Spain,ESP,2011,0.033627406
Spain,ESP,2012,0.032614812
Spain,ESP,2013,0.030477615
Spain,ESP,2014,0.031316422
Spain,ESP,2015,0.029770158
Spain,ESP,2016,0.030024411
Spain,ESP,2017,0.029932238
Spain,ESP,2018,0.029736917
Spain,ESP,2019,0.029451458
Spain,ESP,2020,0.028726751
Spain,ESP,2021,0.029090963
Spain,ESP,2022,0.033475384
Spain,ESP,2023,0.027719807
Sri Lanka,LKA,2010,0.075819515
Sri Lanka,LKA,2011,0.07364547
Sri Lanka,LKA,2012,0.070572436
Sri Lanka,LKA,2013,0.0681124
Sri Lanka,LKA,2014,0.06576483
Sri Lanka,LKA,2015,0.06262798
Sri Lanka,LKA,2016,0.060467467
Sri Lanka,LKA,2017,0.05933896
Sri Lanka,LKA,2018,0.055652156
Sri Lanka,LKA,2019,0.05419399
Sri Lanka,LKA,2020,0.051998757
Sri Lanka,LKA,2021,0.050935637
Sri Lanka,LKA,2022,0.04896804
Sri Lanka,LKA,2023,0.047494616
Sub-Saharan Africa (UNDP),,2010,0.3562206
Sub-Saharan Africa (UNDP),,2011,0.34695834
Sub-Saharan Africa (UNDP),,2012,0.3401932
Sub-Saharan Africa (UNDP),,2013,0.33419168
Sub-Saharan Africa (UNDP),,2014,0.33003482
Sub-Saharan Africa (UNDP),,2015,0.32436913
Sub-Saharan Africa (UNDP),,2016,0.31849843
Sub-Saharan Africa (UNDP),,2017,0.31260085
Sub-Saharan Africa (UNDP),,2018,0.30546206
Sub-Saharan Africa (UNDP),,2019,0.30100083
Sub-Saharan Africa (UNDP),,2020,0.29262272
Sub-Saharan Africa (UNDP),,2021,0.28996807
Sub-Saharan Africa (UNDP),,2022,0.2864932
Sub-Saharan Africa (UNDP),,2023,0.2798595
Sudan,SDN,2010,0.30549318
Sudan,SDN,2011,0.3016568
Sudan,SDN,2012,0.29629064
Sudan,SDN,2013,0.29171678
Sudan,SDN,2014,0.28716323
Sudan,SDN,2015,0.2811463
Sudan,SDN,2016,0.2755208
Sudan,SDN,2017,0.2710406
Sudan,SDN,2018,0.26474798
Sudan,SDN,2019,0.25886902
Sudan,SDN,2020,0.25142047
Sudan,SDN,2021,0.24816732
Sudan,SDN,2022,0.24296428
Sudan,SDN,2023,0.24050595
Suriname,SUR,2010,0.14354506
Suriname,SUR,2011,0.14065956
Suriname,SUR,2012,0.13781638
Suriname,SUR,2013,0.13503484
Suriname,SUR,2014,0.13233729
Suriname,SUR,2015,0.12957932
Suriname,SUR,2016,0.12710802
Suriname,SUR,2017,0.12350252
Suriname,SUR,2018,0.12097579
Suriname,SUR,2019,0.11849449
Suriname,SUR,2020,0.11900507
Suriname,SUR,2021,0.115755804
Suriname,SUR,2022,0.11064237
Suriname,SUR,2023,0.10812916
Sweden,SWE,2010,0.030553408
Sweden,SWE,2011,0.02786021
Sweden,SWE,2012,0.030253863
Sweden,SWE,2013,0.030628078
Sweden,SWE,2014,0.028189458
Sweden,SWE,2015,0.0296031
Sweden,SWE,2016,0.029455451
Sweden,SWE,2017,0.028656116
Sweden,SWE,2018,0.027220052
Sweden,SWE,2019,0.026642947
Sweden,SWE,2020,0.028029542
Sweden,SWE,2021,0.02571468
Sweden,SWE,2022,0.026551344
Sweden,SWE,2023,0.025575299
Switzerland,CHE,2010,0.036882617
Switzerland,CHE,2011,0.03696127
Switzerland,CHE,2012,0.035889313
Switzerland,CHE,2013,0.03671396
Switzerland,CHE,2014,0.036586165
Switzerland,CHE,2015,0.036826864
Switzerland,CHE,2016,0.03348854
Switzerland,CHE,2017,0.03415688
Switzerland,CHE,2018,0.033358384
Switzerland,CHE,2019,0.032214116
Switzerland,CHE,2020,0.03446294
Switzerland,CHE,2021,0.03227003
Switzerland,CHE,2022,0.033390604
Switzerland,CHE,2023,0.031219313
Syria,SYR,2010,0.11368193
Syria,SYR,2011,0.12807944
Syria,SYR,2012,0.1868468
Syria,SYR,2013,0.19644704
Syria,SYR,2014,0.19364296
Syria,SYR,2015,0.20414612
Syria,SYR,2016,0.18611284
Syria,SYR,2017,0.18614897
Syria,SYR,2018,0.1783677
Syria,SYR,2019,0.14316823
Syria,SYR,2020,0.12926468
Syria,SYR,2021,0.12174041
Syria,SYR,2022,0.12486849
Syria,SYR,2023,0.13322589
Tajikistan,TJK,2010,0.20768958
Tajikistan,TJK,2011,0.20297855
Tajikistan,TJK,2012,0.19818312
Tajikistan,TJK,2013,0.19293518
Tajikistan,TJK,2014,0.1906999
Tajikistan,TJK,2015,0.18774523
Tajikistan,TJK,2016,0.18347937
Tajikistan,TJK,2017,0.17766032
Tajikistan,TJK,2018,0.17578399
Tajikistan,TJK,2019,0.1719665
Tajikistan,TJK,2020,0.1669836
Tajikistan,TJK,2021,0.1636783
Tajikistan,TJK,2022,0.16152436
Tajikistan,TJK,2023,0.15747207
Tanzania,TZA,2010,0.28800166
Tanzania,TZA,2011,0.27935678
Tanzania,TZA,2012,0.27133673
Tanzania,TZA,2013,0.26394874
Tanzania,TZA,2014,0.25551173
Tanzania,TZA,2015,0.24939358
Tanzania,TZA,2016,0.24093404
Tanzania,TZA,2017,0.23460238
Tanzania,TZA,2018,0.2267228
Tanzania,TZA,2019,0.22139959
Tanzania,TZA,2020,0.21408363
Tanzania,TZA,2021,0.20959343
Tanzania,TZA,2022,0.20517766
Tanzania,TZA,2023,0.19888851
Thailand,THA,2010,0.09351696
Thailand,THA,2011,0.091738775
Thailand,THA,2012,0.08895293
Thailand,THA,2013,0.08656192
Thailand,THA,2014,0.08466815
Thailand,THA,2015,0.083013125
Thailand,THA,2016,0.081803605
Thailand,THA,2017,0.080342725
Thailand,THA,2018,0.078395426
Thailand,THA,2019,0.07702017
Thailand,THA,2020,0.07471268
Thailand,THA,2021,0.0725585
Thailand,THA,2022,0.07795161
Thailand,THA,2023,0.0733955
Togo,TGO,2010,0.3447162
Togo,TGO,2011,0.33767483
Togo,TGO,2012,0.33090076
Togo,TGO,2013,0.32576224
Togo,TGO,2014,0.3187748
Togo,TGO,2015,0.31355312
Togo,TGO,2016,0.30658215
Togo,TGO,2017,0.30143055
Togo,TGO,2018,0.29447272
Togo,TGO,2019,0.2876398
Togo,TGO,2020,0.28206605
Togo,TGO,2021,0.27540803
Togo,TGO,2022,0.2714789
Togo,TGO,2023,0.26481062
Tonga,TON,2010,0.09327831
Tonga,TON,2011,0.09215087
Tonga,TON,2012,0.09112157
Tonga,TON,2013,0.09018449
Tonga,TON,2014,0.08977532
Tonga,TON,2015,0.088435456
Tonga,TON,2016,0.087533735
Tonga,TON,2017,0.08655068
Tonga,TON,2018,0.085509025
Tonga,TON,2019,0.084356524
Tonga,TON,2020,0.083209366
Tonga,TON,2021,0.08201592
Tonga,TON,2022,0.08186092
Tonga,TON,2023,0.07919215
Trinidad and Tobago,TTO,2010,0.13611974
Trinidad and Tobago,TTO,2011,0.13255891
Trinidad and Tobago,TTO,2012,0.12921196
Trinidad and Tobago,TTO,2013,0.12602578
Trinidad and Tobago,TTO,2014,0.123342425
Trinidad and Tobago,TTO,2015,0.11960652
Trinidad and Tobago,TTO,2016,0.11721871
Trinidad and Tobago,TTO,2017,0.11488716
Trinidad and Tobago,TTO,2018,0.116412476
Trinidad and Tobago,TTO,2019,0.11352143
Trinidad and Tobago,TTO,2020,0.111016855
Trinidad and Tobago,TTO,2021,0.109676465
Trinidad and Tobago,TTO,2022,0.1080971
Trinidad and Tobago,TTO,2023,0.10661582
Tunisia,TUN,2010,0.1105122
Tunisia,TUN,2011,0.109675705
Tunisia,TUN,2012,0.10778726
Tunisia,TUN,2013,0.1064485
Tunisia,TUN,2014,0.10475156
Tunisia,TUN,2015,0.10279699
Tunisia,TUN,2016,0.0999589
Tunisia,TUN,2017,0.09660714
Tunisia,TUN,2018,0.09287869
Tunisia,TUN,2019,0.087747276
Tunisia,TUN,2020,0.08326436
Tunisia,TUN,2021,0.079778954
Tunisia,TUN,2022,0.07535349
Tunisia,TUN,2023,0.07160937
Turkey,TUR,2010,0.104442604
Turkey,TUR,2011,0.09948979
Turkey,TUR,2012,0.094213225
Turkey,TUR,2013,0.08947828
Turkey,TUR,2014,0.08446087
Turkey,TUR,2015,0.08097915
Turkey,TUR,2016,0.07793695
Turkey,TUR,2017,0.074463636
Turkey,TUR,2018,0.071466245
Turkey,TUR,2019,0.06879571
Turkey,TUR,2020,0.065768234
Turkey,TUR,2021,0.06421308
Turkey,TUR,2022,0.061317682
Turkey,TUR,2023,0.081038415
Turkmenistan,TKM,2010,0.20716888
Turkmenistan,TKM,2011,0.20615156
Turkmenistan,TKM,2012,0.20446725
Turkmenistan,TKM,2013,0.20377438
Turkmenistan,TKM,2014,0.20369183
Turkmenistan,TKM,2015,0.20388173
Turkmenistan,TKM,2016,0.20409857
Turkmenistan,TKM,2017,0.20411138
Turkmenistan,TKM,2018,0.20356789
Turkmenistan,TKM,2019,0.20218997
Turkmenistan,TKM,2020,0.19953495
Turkmenistan,TKM,2021,0.19739819
Turkmenistan,TKM,2022,0.19427593
Turkmenistan,TKM,2023,0.19312698
Tuvalu,TUV,2010,0.18296243
Tuvalu,TUV,2011,0.17807096
Tuvalu,TUV,2012,0.17341709
Tuvalu,TUV,2013,0.17082019
Tuvalu,TUV,2014,0.16657972
Tuvalu,TUV,2015,0.16088657
Tuvalu,TUV,2016,0.15696666
Tuvalu,TUV,2017,0.15311915
Tuvalu,TUV,2018,0.14935505
Tuvalu,TUV,2019,0.14568749
Tuvalu,TUV,2020,0.14221752
Tuvalu,TUV,2021,0.13938788
Tuvalu,TUV,2022,0.13446245
Tuvalu,TUV,2023,0.13126235
Uganda,UGA,2010,0.30785373
Uganda,UGA,2011,0.2957844
Uganda,UGA,2012,0.28449368
Uganda,UGA,2013,0.2739467
Uganda,UGA,2014,0.26445198
Uganda,UGA,2015,0.25541985
Uganda,UGA,2016,0.2448274
Uganda,UGA,2017,0.23662004
Uganda,UGA,2018,0.22798018
Uganda,UGA,2019,0.22217087
Uganda,UGA,2020,0.21491976
Uganda,UGA,2021,0.21124052
Uganda,UGA,2022,0.20871218
Uganda,UGA,2023,0.20142181
Ukraine,UKR,2010,0.08339527
Ukraine,UKR,2011,0.08129424
Ukraine,UKR,2012,0.078699
Ukraine,UKR,2013,0.075727575
Ukraine,UKR,2014,0.075400524
Ukraine,UKR,2015,0.07289792
Ukraine,UKR,2016,0.07153752
Ukraine,UKR,2017,0.0707772
Ukraine,UKR,2018,0.06701526
Ukraine,UKR,2019,0.06502844
Ukraine,UKR,2020,0.06115223
Ukraine,UKR,2021,0.05864138
Ukraine,UKR,2022,0.07633515
Ukraine,UKR,2023,0.07315746
United Arab Emirates,ARE,2010,0.054954525
United Arab Emirates,ARE,2011,0.05356119
United Arab Emirates,ARE,2012,0.052262463
United Arab Emirates,ARE,2013,0.05105943
United Arab Emirates,ARE,2014,0.049900003
United Arab Emirates,ARE,2015,0.048765946
United Arab Emirates,ARE,2016,0.047630213
United Arab Emirates,ARE,2017,0.046508804
United Arab Emirates,ARE,2018,0.045233235
United Arab Emirates,ARE,2019,0.04399196
United Arab Emirates,ARE,2020,0.04376319
United Arab Emirates,ARE,2021,0.03999262
United Arab Emirates,ARE,2022,0.041224707
United Arab Emirates,ARE,2023,0.038985845
United Kingdom,GBR,2010,0.0428087
United Kingdom,GBR,2011,0.042013902
United Kingdom,GBR,2012,0.040279172
United Kingdom,GBR,2013,0.038911864
United Kingdom,GBR,2014,0.039032746
United Kingdom,GBR,2015,0.038890146
United Kingdom,GBR,2016,0.039062787
United Kingdom,GBR,2017,0.03871308
United Kingdom,GBR,2018,0.038753927
United Kingdom,GBR,2019,0.03921965
United Kingdom,GBR,2020,0.037826736
United Kingdom,GBR,2021,0.039890878
United Kingdom,GBR,2022,0.039967235
United Kingdom,GBR,2023,0.038533397
United States,USA,2010,0.058423944
United States,USA,2011,0.05775036
United States,USA,2012,0.057366025
United States,USA,2013,0.05696821
United States,USA,2014,0.056681857
United States,USA,2015,0.057540063
United States,USA,2016,0.05845473
United States,USA,2017,0.057899646
United States,USA,2018,0.056816287
United States,USA,2019,0.056630455
United States,USA,2020,0.057300463
United States,USA,2021,0.06109692
United States,USA,2022,0.057839926
United States,USA,2023,0.05500286
Upper-middle-income countries,,2010,0.11684476
Upper-middle-income countries,,2011,0.11113901
Upper-middle-income countries,,2012,0.106870286
Upper-middle-income countries,,2013,0.10291062
Upper-middle-income countries,,2014,0.09912562
Upper-middle-income countries,,2015,0.09571647
Upper-middle-income countries,,2016,0.09259755
Upper-middle-income countries,,2017,0.08927706
Upper-middle-income countries,,2018,0.08614443
Upper-middle-income countries,,2019,0.083547756
Upper-middle-income countries,,2020,0.080405734
Upper-middle-income countries,,2021,0.07908629
Upper-middle-income countries,,2022,0.07803072
Upper-middle-income countries,,2023,0.07734541
Uruguay,URY,2010,0.073668934
Uruguay,URY,2011,0.07494669
Uruguay,URY,2012,0.07776101
Uruguay,URY,2013,0.075582705
Uruguay,URY,2014,0.072352454
Uruguay,URY,2015,0.0697047
Uruguay,URY,2016,0.06722107
Uruguay,URY,2017,0.062172417
Uruguay,URY,2018,0.06464741
Uruguay,URY,2019,0.06432002
Uruguay,URY,2020,0.060066957
Uruguay,URY,2021,0.061704777
Uruguay,URY,2022,0.06325247
Uruguay,URY,2023,0.058565196
Uzbekistan,UZB,2010,0.16407526
Uzbekistan,UZB,2011,0.15594913
Uzbekistan,UZB,2012,0.14486198
Uzbekistan,UZB,2013,0.1364137
Uzbekistan,UZB,2014,0.12875094
Uzbekistan,UZB,2015,0.12057315
Uzbekistan,UZB,2016,0.11475196
Uzbekistan,UZB,2017,0.10987252
Uzbekistan,UZB,2018,0.105288334
Uzbekistan,UZB,2019,0.10150777
Uzbekistan,UZB,2020,0.09429806
Uzbekistan,UZB,2021,0.09252891
Uzbekistan,UZB,2022,0.09341121
Uzbekistan,UZB,2023,0.08864522
Vanuatu,VUT,2010,0.1399504
Vanuatu,VUT,2011,0.13689676
Vanuatu,VUT,2012,0.1340454
Vanuatu,VUT,2013,0.13173388
Vanuatu,VUT,2014,0.13165677
Vanuatu,VUT,2015,0.12960492
Vanuatu,VUT,2016,0.12598404
Vanuatu,VUT,2017,0.124348946
Vanuatu,VUT,2018,0.12128776
Vanuatu,VUT,2019,0.11933959
Vanuatu,VUT,2020,0.11718877
Vanuatu,VUT,2021,0.11522844
Vanuatu,VUT,2022,0.112938404
Vanuatu,VUT,2023,0.110629536
Venezuela,VEN,2010,0.11939566
Venezuela,VEN,2011,0.12016268
Venezuela,VEN,2012,0.12049036
Venezuela,VEN,2013,0.12104212
Venezuela,VEN,2014,0.12280655
Venezuela,VEN,2015,0.12324099
Venezuela,VEN,2016,0.12712748
Venezuela,VEN,2017,0.12792403
Venezuela,VEN,2018,0.12597884
Venezuela,VEN,2019,0.124930836
Venezuela,VEN,2020,0.12503514
Venezuela,VEN,2021,0.12584515
Venezuela,VEN,2022,0.12608272
Venezuela,VEN,2023,0.12613666
Very high human development (UNDP),,2010,0.057276372
Very high human development (UNDP),,2011,0.055374995
Very high human development (UNDP),,2012,0.054600067
Very high human development (UNDP),,2013,0.053227745
Very high human development (UNDP),,2014,0.052081503
Very high human development (UNDP),,2015,0.050864495
Very high human development (UNDP),,2016,0.050201472
Very high human development (UNDP),,2017,0.049033977
Very high human development (UNDP),,2018,0.048127264
Very high human development (UNDP),,2019,0.04746207
Very high human development (UNDP),,2020,0.046745043
Very high human development (UNDP),,2021,0.04747653
Very high human development (UNDP),,2022,0.046774145
Very high human development (UNDP),,2023,0.04592456
Vietnam,VNM,2010,0.14178582
Vietnam,VNM,2011,0.14044894
Vietnam,VNM,2012,0.13930427
Vietnam,VNM,2013,0.13847409
Vietnam,VNM,2014,0.1372734
Vietnam,VNM,2015,0.13636139
Vietnam,VNM,2016,0.13555764
Vietnam,VNM,2017,0.13461186
Vietnam,VNM,2018,0.1335769
Vietnam,VNM,2019,0.13214752
Vietnam,VNM,2020,0.13116804
Vietnam,VNM,2021,0.12945902
Vietnam,VNM,2022,0.1284828
Vietnam,VNM,2023,0.12723868
World,OWID_WRL,2010,0.17411716
World,OWID_WRL,2011,0.1693934
World,OWID_WRL,2012,0.16472413
World,OWID_WRL,2013,0.16066612
World,OWID_WRL,2014,0.15689051
World,OWID_WRL,2015,0.15303001
World,OWID_WRL,2016,0.14944276
World,OWID_WRL,2017,0.1461002
World,OWID_WRL,2018,0.14210553
World,OWID_WRL,2019,0.13912511
World,OWID_WRL,2020,0.13509446
World,OWID_WRL,2021,0.13342798
World,OWID_WRL,2022,0.13152874
World,OWID_WRL,2023,0.12917203
Yemen,YEM,2010,0.24825737
Yemen,YEM,2011,0.24384043
Yemen,YEM,2012,0.23817492
Yemen,YEM,2013,0.23089275
Yemen,YEM,2014,0.22890916
Yemen,YEM,2015,0.2339706
Yemen,YEM,2016,0.22848605
Yemen,YEM,2017,0.22477135
Yemen,YEM,2018,0.22924197
Yemen,YEM,2019,0.22381008
Yemen,YEM,2020,0.21376908
Yemen,YEM,2021,0.21124314
Yemen,YEM,2022,0.20306975
Yemen,YEM,2023,0.19721393
Zambia,ZMB,2010,0.3136916
Zambia,ZMB,2011,0.30525115
Zambia,ZMB,2012,0.2991625
Zambia,ZMB,2013,0.2919182
Zambia,ZMB,2014,0.28647918
Zambia,ZMB,2015,0.2813122
Zambia,ZMB,2016,0.27737382
Zambia,ZMB,2017,0.27202338
Zambia,ZMB,2018,0.2666799
Zambia,ZMB,2019,0.2624553
Zambia,ZMB,2020,0.25459278
Zambia,ZMB,2021,0.25118273
Zambia,ZMB,2022,0.24297634
Zambia,ZMB,2023,0.23359959
Zimbabwe,ZWE,2010,0.32156768
Zimbabwe,ZWE,2011,0.3110046
Zimbabwe,ZWE,2012,0.2986299
Zimbabwe,ZWE,2013,0.28645158
Zimbabwe,ZWE,2014,0.276472
Zimbabwe,ZWE,2015,0.2670568
Zimbabwe,ZWE,2016,0.2599814
Zimbabwe,ZWE,2017,0.2526676
Zimbabwe,ZWE,2018,0.24559446
Zimbabwe,ZWE,2019,0.24339576
Zimbabwe,ZWE,2020,0.23429644
Zimbabwe,ZWE,2021,0.22949217
Zimbabwe,ZWE,2022,0.22926904
Zimbabwe,ZWE,2023,0.22311905